CarType,Charge,Grids,Memo,Name,Period,Range,Region,id
C,20元/時，大型車加倍,0,,力行路,每日08:00~18:00,進化路~雙十路,東、北區,1
C,20元/時，大型車加倍,0,,三民西路,週一至週六08:00~18:00,自由路~東興路,西、南、南屯區,2
C,20元/時，大型車加倍,0,,三民路,每日08:00~20:00,健行路~崇德路,北區,3
C,累進費率，以三十分鐘計費，大型車加倍，停車30分鐘內離場不收費（每日限一次）,0,,三民路,每日08:00~20:00,崇德路~太平路,北區,4
C,20元/時，大型車加倍,0,,三民路,每日08:00~20:00,太平路~公園路,北區,5
C,累進費率，以三十分鐘計費，大型車加倍，停車30分鐘內離場不收費（每日限一次）,0,,三民路,每日08:00~18:00,公園路~臺灣大道,中區,6
C,累進費率，以三十分鐘計費，大型車加倍，停車30分鐘內離場不收費（每日限一次）,0,,三民路,每日08:00~18:00,臺灣大道~民權路,中區,7
C,20元/時，大型車加倍,0,,三民路,週一至週六08:00~18:00,民權路~林森路,西區,8
C,20元/時，大型車加倍,0,,三民路,週一至週六08:00~18:00,林森路~復興路,西、南區,9
C,20元/時，大型車加倍,0,,三光一街,週一至週六08:00~18:00,三光北二街~三光北一街,北屯區,10
C,20元/時，大型車加倍,0,,三光巷,週一至週六08:00~18:00,太原路~北祥街,北屯區,11
C,20元/時，大型車加倍,0,,三和街,每日08:00~20:00,河南路~永春東七路,南屯區,12
C,20元/時，大型車加倍,0,,三厝街,每日08:00~20:00,五權西路~大墩十二街,南屯區,13
C,20元/時，大型車加倍,0,,三厝街,每日08:00~20:00,公益路~干城街,南屯區,14
C,20元/時，大型車加倍,0,,上安北街,每日08:00~20:00,上安路~福科二路,西屯區,15
C,差別費率，15元/三十分鐘，大型車加倍,0,,上安路,每日08:00~20:00,河南路~黎明路,西屯區,16
C,20元/時，大型車加倍,0,,上安路,每日08:00~20:00,黎明路~青海南街,西屯區,17
C,20元/時，大型車加倍,0,,上墩路,每日08:00~20:00,黎明路~福星西路,西屯區,18
C,20元/時，大型車加倍,0,,大公街,週一至週六08:00~18:00,建成路~和平街,東區,19
C,20元/時，大型車加倍,0,,大忠南街,每日08:00~18:00,福人街~五權西路,西區,20
C,20元/時，大型車加倍,0,,大忠南街,週一至週六08:00~18:00,五權西路~三民西路,西、南區,21
C,20元/時，大型車加倍,0,,大忠街,每日08:00~18:00,華美西街~精誠三十一街,西區,22
C,20元/時，大型車加倍,0,,大明街,週一至週六08:00~18:00,民生路~自立街,西區,23
C,20元/時，大型車加倍,0,,大信街,每日08:00~20:00,漢口路~寧夏路89巷,西屯區,24
C,20元/時，大型車加倍,0,,大勇街,週一至週六08:00~18:00,信義街~立德街67巷,東區,25
C,20元/時，大型車加倍,0,,大英街,每日08:00~20:00,大墩十一街~公益路,南屯區,26
C,20元/時，大型車加倍,0,,大容東(西)街,每日08:00~18:00,臺灣大道~文心路,西屯、南屯區,27
C,差別費率，15元/三十分鐘，大型車加倍,0,,大恩街,每日08:00~20:00,大墩十九街~大隆路,西屯區,28
C,20元/時，大型車加倍,0,,大連路,每日08:00~20:00,遼寧路~河北路,北屯區,29
C,20元/時，大型車加倍,0,,大智路,週一至週六08:00~18:00,建成路~東光園路,東區,30
C,20元/時，大型車加倍,0,,大智路,週一至週六08:00~18:00,亞洲街~益民路,大里區,31
C,20元/時，大型車加倍,0,,大進街,每日08:00~20:00,向上南路~向上路,西區,32
C,20元/時，大型車加倍,0,,大進街,每日08:00~20:00,向上路~大墩十一街,南屯、西區,33
C,20元/時，大型車加倍,0,,大進街,每日08:00~20:00,大業路~大隆路,南屯區,34
C,累進費率，以三十分鐘計費，大型車加倍,0,,大隆路,每日08:00~20:00,精誠路~東興路,西區,35
C,差別費率，15元/三十分鐘，大型車加倍,0,,大隆路,每日08:00~20:00,東興路~大墩路,西屯、南屯區,36
C,差別費率，15元/三十分鐘，大型車加倍,0,,大隆路,每日08:00~20:00,大墩路~文心路,西屯區,37
C,20元/時，大型車加倍,0,,大新街、三民路116巷,週一至週六08:00~18:00,自由路~大全街,西區,38
C,20元/時，大型車加倍,0,,大業北路,每日08:00~18:00,大業路~東興路,西區,39
C,差別費率，15元/三十分鐘，大型車加倍,0,,大業路,每日08:00~20:00,精誠路~文心路,西、南屯區,40
C,20元/時，大型車加倍,0,,大業路,每日08:00~20:00,文心路~黎明路,南屯區,41
C,20元/時，大型車加倍,0,,大業路,每日08:00~20:00,黎明路~博愛街,南屯區,42
C,20元/時，大型車加倍,0,,大誠街,每日08:00~18:00,公園路~臺灣大道,中區,43
C,20元/時，大型車加倍,0,,大誠街49巷、中華路1段182巷,每日08:00~18:00,大誠街~中華路,中區,44
C,20元/時，大型車加倍,0,,大墩七街,每日08:00~20:00,文心路~惠文路,南屯區,45
C,20元/時，大型車加倍,0,,大墩七街,每日08:00~20:00,惠文路~河南路,南屯區,46
C,20元/時，大型車加倍,0,,大墩二十街,每日08:00~20:00,東興路~大墩路,西屯區,47
C,20元/時，大型車加倍,0,,大墩二街,週一至週六08:00~18:00,精誠路~東興路,南屯區,48
C,20元/時，大型車加倍,0,,大墩十一街,每日08:00~20:00,精誠路~文心路,西、南屯區,49
C,20元/時，大型車加倍,0,,大墩十一街,每日08:00~20:00,文心路~惠文路,南屯區,50
C,20元/時，大型車加倍,0,,大墩十一街,每日08:00~20:00,惠文路~黎明路,南屯區,51
C,20元/時，大型車加倍,0,,大墩十一街,每日08:00~20:00,黎明路~永春東七路,南屯區,52
C,20元/時，大型車加倍,0,,大墩十一街,每日08:00~20:00,永春東七路~文心南五路,南屯區,53
C,20元/時，大型車加倍,0,,大墩十九街,每日08:00~20:00,東興路~大安街,西屯區,54
C,20元/時，大型車加倍,0,,大墩十九街,每日08:00~20:00,大容西街~文心路,西屯區,55
C,20元/時，大型車加倍,0,,大墩十二街,每日08:00~20:00,大墩路~文心路,南屯區,56
C,20元/時，大型車加倍,0,,大墩十二街,每日08:00~20:00,文心路~惠文路,南屯區,57
C,20元/時，大型車加倍,0,,大墩十二街,每日08:00~20:00,永春東七路~文心南五路,南屯區,58
C,20元/時，大型車加倍,0,,大墩十街,每日08:00~20:00,大墩路~惠文路,南屯區,59
C,20元/時，大型車加倍,0,,大墩五街,每日08:00~20:00,東興路~文心路,南屯區,60
C,20元/時，大型車加倍,0,,大墩六街,每日08:00~20:00,文心路~惠中路,南屯區,61
C,20元/時，大型車加倍,0,,大墩四街,每日08:00~18:00,精誠路~東興路,南屯區,62
C,20元/時，大型車加倍,0,,大墩四街,每日08:00~20:00,文心路~惠中路,南屯區,63
C,20元/時，大型車加倍,0,,大墩南路,週一至週六08:00~18:00,南屯路~文心南七路,南屯區,64
C,差別費率，15元/三十分鐘，大型車加倍,0,,大墩路,每日08:00~20:00,臺灣大道~大隆路,西屯區,65
C,差別費率，15元/三十分鐘，大型車加倍,0,,大墩路,每日08:00~20:00,大隆路~大業路,西屯、南屯區,66
C,差別費率，15元/三十分鐘，大型車加倍,0,,大墩路,每日08:00~20:00,大業路~公益路,南屯區,67
C,差別費率，15元/三十分鐘，大型車加倍,0,,大墩路,每日08:00~20:00,公益路~向上路,南屯區,68
C,差別費率，15元/三十分鐘，大型車加倍,0,,大墩路,每日08:00~20:00,向上路~五權西路,西、南屯區,69
C,20元/時，大型車加倍,0,,大墩路,週一至週六08:00~18:00,五權西路~南屯路,南屯區,70
C,20元/時，大型車加倍,0,,大慶街,週一至週六08:00~18:00,復興北路~建國南路,南區,71
C,20元/時，大型車加倍,0,,大興街,週一至週六08:00~18:00,東光園路~建成路,東區,72
C,20元/時，大型車加倍,0,,大鵬路,每日08:00~18:00,中清路~中平路,西屯區,73
C,20元/時，大型車加倍,0,,大觀路,每日08:00~20:00,向上路~大業路,南屯區,74
C,20元/時，大型車加倍,0,,山西路,每日08:00~20:00,大連路~太原路,北、北屯區,75
C,20元/時，大型車加倍,0,,工業區一路,每日08:00~18:00,臺灣大道~天助街,西屯區,76
C,20元/時，大型車加倍,0,,工學二街,週一至週六08:00~18:00,忠明南路~工學路,南區,77
C,20元/時，大型車加倍,0,,工學六街,週一至週六08:00~18:00,工學路~高工路,南區,78
C,20元/時，大型車加倍,0,,工學北路,週一至週六08:00~18:00,忠明南路~文心南路,南區,79
C,20元/時，大型車加倍,0,,工學路,週一至週六08:00~18:00,工學一街~復興路,南區,80
C,20元/時，大型車加倍,0,,干城街,週一至週六08:00~18:00,黎明路~黎明路,南屯區,81
C,累進費率，以三十分鐘計費，大型車加倍,0,,中山路,每日08:00~18:00,建國路~綠川西街,中區,82
C,累進費率，以三十分鐘計費，大型車加倍，停車30分鐘內離場不收費（每日限一次）,0,,中山路,每日08:00~18:00,綠川西街~市府路,中區,83
C,20元/時，大型車加倍,0,,中山路,每日08:00~18:00,市府路~三民路,中區,84
C,20元/時，大型車加倍,0,,中山路,每日08:00~18:00,三民路~中華路,中區,85
C,20元/時，大型車加倍,0,,中山路2段283巷,週一至週六08:00~18:00,中山路~興華二路,潭子區,86
C,20元/時，大型車加倍,0,,中山路2段391巷,週一至週六08:00~18:00,中山路~興華一路,潭子區,87
C,20元/時，大型車加倍,0,,中山路-豐原,週一至週六08:00~18:00,中正路~圓環南路,豐原區,88
C,20元/時，大型車加倍,0,,中工二路,每日08:00~18:00,天佑街~水尾巷,西屯區,89
C,20元/時，大型車加倍,0,,中平路,每日08:00~18:00,經貿路~經貿五路,西屯、北屯區,90
C,20元/時，大型車加倍,0,,中正路,週一至週六08:00~18:00,中山路~圓環西路,豐原區,91
C,差別費率，15元/三十分鐘，大型車加倍,0,,中美街,每日08:00~20:00,長春街~美村路1段52巷,西區,92
C,20元/時，大型車加倍,0,,中清西二街,每日08:00~18:00,長安路~中平路,西屯區,93
C,差別費率，15元/三十分鐘，大型車加倍,0,,中清路,每日08:00~20:00,五權路~英才路,北區,94
C,差別費率，15元/三十分鐘，大型車加倍,0,,中清路,每日08:00~20:00,英才路~健行路,北區,95
C,差別費率，15元/三十分鐘，大型車加倍,0,,中清路,每日08:00~20:00,健行路~進化北路,北區,96
C,差別費率，15元/三十分鐘，大型車加倍,0,,中清路,每日08:00~20:00,進化北路~漢口路,北區,97
C,差別費率，15元/三十分鐘，大型車加倍,0,,中清路,每日08:00~20:00,漢口路~文心路,北區,98
C,差別費率，15元/三十分鐘，大型車加倍,0,,中清路,每日08:00~20:00,文心路~敦化路,西屯、北屯區,99
C,20元/時，大型車加倍,0,,中清路,每日08:00~20:00,敦化路~環中路,西屯、北屯區,100
C,差別費率，15元/三十分鐘，大型車加倍,0,,中華路,每日08:00~20:00,五權路~太平路,北區,101
C,20元/時，大型車加倍,0,,中華路,週一至週六08:00~18:00,民權路~四維街,西區,102
C,差別費率，15元/三十分鐘，大型車加倍,0,,中興街,每日08:00~20:00,博館路~臺灣大道,西區,103
C,累進費率，以三十分鐘計費，大型車加倍,0,,中興街,每日08:00~20:00,公益路~公正路,西區,104
C,累進費率，以三十分鐘計費，大型車加倍,0,,中興街、館前路,每日08:00~20:00,臺灣大道~公益路,西區,105
C,20元/時，大型車加倍,0,,五權西一(二）街,每日08:00~20:00,柳川西路~五權西路,西區,106
C,差別費率，15元/三十分鐘，大型車加倍,0,,五權西三(四）街,每日08:00~20:00,柳川西路~五權西路,西區,107
C,差別費率，15元/三十分鐘，大型車加倍,0,,五權西路,每日08:00~20:00,五權路~美村路,西區,108
C,差別費率，15元/三十分鐘，大型車加倍,0,,五權西路,每日08:00~20:00,美村路~忠明南路,西區,109
C,差別費率，15元/三十分鐘，大型車加倍,0,,五權西路,每日08:00~20:00,忠明南路~東興路,西、南屯區,110
C,差別費率，15元/三十分鐘，大型車加倍,0,,五權西路,每日08:00~20:00,東興路~大墩路,南屯區,111
C,差別費率，15元/三十分鐘，大型車加倍,0,,五權西路,每日08:00~20:00,大墩路~文心路,南屯區,112
C,差別費率，15元/三十分鐘，大型車加倍,0,,五權西路,每日08:00~20:00,文心路~黎明路,南屯區,113
C,差別費率，15元/三十分鐘，大型車加倍,0,,五權西路,每日08:00~20:00,黎明路~永春東七路,南屯區,114
C,20元/時，大型車加倍,0,,五權西路,每日08:00~20:00,永春東七路~文心南五路,南屯區,115
C,20元/時，大型車加倍,0,,五權南路,每日08:00~20:00,忠明南路~美村路,南區,116
C,20元/時，大型車加倍,0,,五權南路,每日08:00~20:00,美村路~復興路,南區,117
C,20元/時，大型車加倍,0,,五權南路368巷,每日08:00~18:00,永南街~五權南路,南區,118
C,20元/時，大型車加倍,0,,五權南路380巷,每日08:00~18:00,永南街~五權南路,南區,119
C,差別費率，15元/三十分鐘，大型車加倍,0,,五權路,每日08:00~20:00,崇德路~學士路,北區,120
C,差別費率，15元/三十分鐘，大型車加倍,0,,五權路,每日08:00~20:00,學士路~柳川東（西）路,北區,121
C,差別費率，15元/三十分鐘，大型車加倍,0,,五權路,每日08:00~20:00,柳川東（西）路~中清路,北區,122
C,差別費率，15元/三十分鐘，大型車加倍,0,,五權路,每日08:00~20:00,中清路~臺灣大道,西、北區,123
C,差別費率，15元/三十分鐘，大型車加倍,0,,五權路,每日08:00~20:00,臺灣大道~民權路,西區,124
C,差別費率，15元/三十分鐘，大型車加倍,0,,五權路,每日08:00~20:00,民權路~五權西路,西區,125
C,20元/時，大型車加倍,0,,五權路,每日08:00~20:00,五權西路~三民西路,西區,126
C,20元/時，大型車加倍,0,,仁平路,每日08:00~18:00,敦化路~經貿二路,北屯區,127
C,20元/時，大型車加倍,0,,仁和路,週一至週六08:00~18:00,正義街~國光路,南區,128
C,20元/時，大型車加倍,0,,仁和路,週一至週六08:00~18:00,大智路~合作街,東、南區,129
C,20元/時，大型車加倍,0,,仁愛街,每日08:00~18:00,民族路~民權路,中區,130
C,累進費率，以三十分鐘計費，大型車加倍,0,,公正路,每日08:00~20:00,公益路155巷~中興街,西區,131
C,累進費率，以三十分鐘計費，大型車加倍，停車30分鐘內離場不收費（每日限一次）,0,,公益路,每日08:00~20:00,臺灣大道~英才路,西區,132
C,累進費率，以三十分鐘計費，大型車加倍，停車30分鐘內離場不收費（每日限一次）,0,,公益路,每日08:00~20:00,英才路~忠明南路,西區,133
C,累進費率，以三十分鐘計費，大型車加倍，停車30分鐘內離場不收費（每日限一次）,0,,公益路,每日08:00~20:00,忠明南路~文心路,西、南屯區,134
C,差別費率，15元/三十分鐘，大型車加倍,0,,公益路,每日08:00~20:00,文心路~惠文路,南屯區,135
C,差別費率，15元/三十分鐘，大型車加倍,0,,公益路,每日08:00~20:00,惠文路~惠中路,南屯區,136
C,差別費率，15元/三十分鐘，大型車加倍,0,,公益路,每日08:00~20:00,惠中路~黎明路,南屯區,137
C,20元/時，大型車加倍,0,,公益路,每日08:00~20:00,黎明路~永春東七路,南屯區,138
C,20元/時，大型車加倍,0,,公益路,每日08:00~20:00,永春東七路~環中路,南屯區,139
C,累進費率，以三十分鐘計費，大型車加倍,0,,公益路155巷,每日08:00~20:00,公正路~公益路,西區,140
C,差別費率，15元/三十分鐘，大型車加倍,0,,公益路155巷,每日08:00~20:00,向上路~公正路,西區,141
C,20元/時，大型車加倍，大客車停車第1小時免費,0,,公園東路,每日08:00~20:00,復興路~雙十路,東區,142
C,20元/時，大型車加倍,0,,公園路,每日08:00~18:00,市府路~平等街,中區,143
C,20元/時，大型車加倍,0,,公園路,每日08:00~18:00,三民路~興中街,中區,144
C,20元/時，大型車加倍,0,,公園路,每日08:00~20:00,中華路~五權路,北區,145
C,20元/時，大型車加倍,0,,公館路,週一至週六08:00~18:00,自由路~三民路,西區,146
C,20元/時，大型車加倍,0,,公館路46巷,週一至週六08:00~18:00,貴和街~公館路,西區,147
C,20元/時，大型車加倍,0,,公館路82巷,週一至週六08:00~18:00,公館路46巷~三民路,西區,148
C,20元/時，大型車加倍,0,,天佑街,每日08:00~18:00,中工三路~工業區一路,西屯區,149
C,20元/時，大型車加倍,0,,天助街,每日08:00~18:00,福安十街1巷~工業區一路,西屯區,150
C,20元/時，大型車加倍,0,,天津路,週一至週六08:00~18:00,文昌東八街~柳陽東街,北屯區,151
C,20元/時，大型車加倍,0,,天津路,每日08:00~20:00,中清路~陝西路,北區,152
C,累進費率，以三十分鐘計費，大型車加倍，停車30分鐘內離場不收費（每日限一次）,0,,太平路,每日08:00~20:00,雙十路~三民路,北區,153
C,累進費率，以三十分鐘計費，大型車加倍，停車30分鐘內離場不收費（每日限一次）,0,,太平路,每日08:00~20:00,三民路~中華路,北區,154
C,20元/時，大型車加倍,0,,太原（北）路,每日08:00~18:00,中清路~華美街,北區,155
C,20元/時，大型車加倍,0,,太原南二街,每日08:00~18:00,忠太西路~忠明六街,北區,156
C,20元/時，大型車加倍,0,,太原路,週一至週六08:00~18:00,旱溪西路~東光路,北屯區,157
C,20元/時，大型車加倍,0,,太原路,每日08:00~18:00,邱厝北巷~中清路,北區,158
C,20元/時，大型車加倍,0,,太原路,每日08:00~20:00,寧漢二街~西屯路,西屯區,159
C,20元/時，大型車加倍,0,,太原路3段101巷,週一至週六08:00~18:00,太原路~崇興路,北屯、北區,160
C,20元/時，大型車加倍,0,,文中路,每日08:00~20:00,文心路~惠中路,西屯區,161
C,20元/時，大型車加倍,0,,文化街,每日08:00~18:00,中清路~英士路,北區,162
C,20元/時，大型車加倍,0,,文心一路,每日08:00~20:00,文心路~惠中路,西屯、南屯區,163
C,20元/時，大型車加倍,0,,文心一路,每日08:00~20:00,惠中路~黎明路,西屯、南屯區,164
C,20元/時，大型車加倍,0,,文心南一路,週一至週六08:00~18:00,文心南路~向心南路,南屯區,165
C,20元/時，大型車加倍,0,,文心南七路,週一至週六08:00~18:00,東興路~文心南路,南屯區,166
C,20元/時，大型車加倍,0,,文心南七路,週一至週六08:00~18:00,文心南路~永春東一路,南屯區,167
C,20元/時，大型車加倍,0,,文心南二路,週一至週六08:00~18:00,大墩南路~文心南路,南屯區,168
C,20元/時，大型車加倍,0,,文心南二路,週一至週六08:00~18:00,文心南路~永春東一路,南屯區,169
C,20元/時，大型車加倍,0,,文心南十路,週一至週六08:00~18:00,復興路2段15巷~文心南路,南區,170
C,20元/時，大型車加倍,0,,文心南三路,週一至週六08:00~18:00,精誠南路~文心南路,南屯區,171
C,20元/時，大型車加倍,0,,文心南三路,週一至週六08:00~18:00,文心南路~永春東一路,南屯區,172
C,20元/時，大型車加倍,0,,文心南五路,週一至週六08:00~18:00,精誠南路~文心南路,南屯區,173
C,20元/時，大型車加倍,0,,文心南五路,週一至週六08:00~18:00,文心南路~永春東一路,南屯區,174
C,20元/時，大型車加倍,0,,文心南五路,每日08:00~20:00,大墩十一街~公益路,南屯區,175
C,20元/時，大型車加倍,0,,文心南六路,週一至週六08:00~18:00,東興路~文心南路,南屯區,176
C,20元/時，大型車加倍,0,,文心南路,週一至週六08:00~18:00,福田二街~復興路,南區,177
C,20元/時，大型車加倍,0,,文心南路,每日08:00~20:00,復興路~大忠南街,南區,178
C,20元/時，大型車加倍,0,,文心南路,每日08:00~20:00,大忠南街~文心南七路,南屯區,179
C,累進費率，以三十分鐘計費，大型車加倍,0,,文心南路,每日08:00~20:00,文心南七路~南屯路,南屯區,180
C,20元/時，大型車加倍,0,,文心南路901巷,週一至週六08:00~18:00,文心南路~福田二街,南區,181
C,累進費率，以三十分鐘計費，大型車加倍,0,,文心路,每日08:00~20:00,北屯路~中清路,北、北屯區,182
C,累進費率，以三十分鐘計費，大型車加倍,0,,文心路,每日08:00~20:00,中清路~臺灣大道,北屯、北、西屯區,183
C,累進費率，以三十分鐘計費，大型車加倍,0,,文心路,每日08:00~20:00,臺灣大道~南屯路,西屯、南屯區,184
C,20元/時，大型車加倍,0,,文昌東八街,週一至週六08:00~18:00,天津路~青島路,北屯區,185
C,20元/時，大型車加倍,0,,文昌東十二街,每日08:00~20:00,文心路~昌平路,北屯區,186
C,20元/時，大型車加倍,0,,日興街,每日08:00~18:00,文化街~英士路,北區,187
C,20元/時，大型車加倍,0,,北屯路,每日08:00~20:00,潭子區中山路1段1巷~松竹路,北屯區,188
C,差別費率，15元/三十分鐘，大型車加倍,0,,北屯路,每日08:00~20:00,文心路~昌平路,北屯區,189
C,差別費率，15元/三十分鐘，大型車加倍,0,,北屯路,每日08:00~20:00,昌平路~進化北路,北屯區,190
C,差別費率，15元/三十分鐘，大型車加倍,0,,北屯路,每日08:00~20:00,進化北路~健行路,北屯、北區,191
C,20元/時，大型車加倍,0,,北屯路439-17巷,週一至週六08:00~18:00,北屯路~松竹路2段7巷,北屯區,192
C,20元/時，大型車加倍,0,,北屯路441之19號~56號前,週一至週六08:00~18:00,441之19號~441之56號,北屯區,193
C,20元/時，大型車加倍,0,,北屯路473巷6弄,每日08:00~20:00,北屯路473巷6弄~松明街9巷,北屯區,194
C,20元/時，大型車加倍,0,,北平二街,每日08:00~20:00,天津路~北平路,北區,195
C,20元/時，大型車加倍,0,,北平路,每日08:00~20:00,文昌東十二街~興安路,北屯區,196
C,20元/時，大型車加倍,0,,北平路,每日08:00~20:00,中清路~陝西路,北區,197
C,20元/時，大型車加倍,0,,北興街,週一至週六08:00~18:00,國校巷~柳陽東街,北屯區,198
C,20元/時，大型車加倍,0,,台中路,週一至週六08:00~18:00,興大路~忠孝路,東、南區,199
C,20元/時，大型車加倍,0,,台中路,每日08:00~20:00,忠孝路~建國路,東、南區,200
C,20元/時，大型車加倍,0,,四川路,每日08:00~20:00,漢口路~文心路,西屯區,201
C,20元/時，大型車加倍,0,,四平路,每日08:00~20:00,崇德十九路~環中路,北屯區,202
C,20元/時，大型車加倍,0,,四維街,週一至週六08:00~18:00,市府路~三民路,西區,203
C,20元/時，大型車加倍,0,,四維街,週一至週六08:00~18:00,三民路~柳川東路,西區,204
C,累進費率，以三十分鐘計費，大型車加倍，停車30分鐘內離場不收費（每日限一次）,0,,市府路,每日08:00~18:00,公園路~臺灣大道,中區,205
C,累進費率，以三十分鐘計費，大型車加倍，停車30分鐘內離場不收費（每日限一次）,0,,市府路,每日08:00~18:00,臺灣大道~民權路,中區,206
C,20元/時，大型車加倍,0,,市府路,週一至週六08:00~18:00,民權路~康樂街,西區,207
C,差別費率，15元/三十分鐘，大型車加倍,0,,市政北一路,每日08:00~20:00,文心路~惠中路,西屯區,208
C,差別費率，15元/三十分鐘，大型車加倍,0,,市政北一路,每日08:00~20:00,惠中路~河南路,西屯區,209
C,差別費率，15元/三十分鐘，大型車加倍,0,,市政北七路,每日08:00~20:00,惠中路~朝富路,西屯區,210
C,差別費率，15元/三十分鐘，大型車加倍,0,,市政北二路,每日08:00~20:00,惠中路~朝富路,西屯區,211
C,20元/時，大型車加倍,0,,市政北二路,每日08:00~18:00,朝富路~環河路,西屯區,212
C,20元/時，大型車加倍,0,,市政北三路,每日08:00~20:00,文心路~惠中路,西屯區,213
C,20元/時，大型車加倍,0,,市政北三路,每日08:00~20:00,惠中路~惠來路,西屯區,214
C,20元/時，大型車加倍,0,,市政北五路,每日08:00~20:00,惠中路~惠來路,西屯區,215
C,20元/時，大型車加倍,0,,市政北六路,每日08:00~20:00,惠來路~朝富路,西屯區,216
C,20元/時，大型車加倍,0,,市政南一路,每日08:00~20:00,惠來路~環中路,西屯、南屯區,217
C,20元/時，大型車加倍,0,,市政南二路,每日08:00~20:00,惠中路~河南路,西屯區,218
C,20元/時，大型車加倍,0,,市政路,每日08:00~20:00,文心路~惠中路,西屯區,219
C,20元/時，大型車加倍,0,,市政路,每日08:00~20:00,惠中路~朝富路,西屯區,220
C,20元/時，大型車加倍,0,,市政路,每日08:00~20:00,朝富路~環河路,西屯區,221
C,20元/時，大型車加倍,0,,平等街,每日08:00~18:00,公園路~臺灣大道,中區,222
C,20元/時，大型車加倍,0,,平等街,每日08:00~18:00,臺灣大道~民權路,中區,223
C,20元/時，大型車加倍,0,,平順街,週一至週六08:00~18:00,復興路2段99巷18號~忠明南路,南區,224
C,20元/時，大型車加倍,0,,弘孝路,每日08:00~18:00,福星路~臺灣大道,西屯區,225
C,20元/時，大型車加倍,0,,正義街,週一至週六08:00~18:00,南門路~仁和路,南區,226
C,20元/時，大型車加倍,0,,正義街,每日08:00~20:00,信義南街~愛國街,南區,227
C,20元/時，大型車加倍,0,,民生路,週一至週六08:00~18:00,建國路~自由路,西區,228
C,20元/時，大型車加倍,0,,民生路,週一至週六08:00~18:00,自由路~三民路,西區,229
C,20元/時，大型車加倍,0,,民生路,週一至週六08:00~18:00,三民路~中華路,西區,230
C,20元/時，大型車加倍,0,,民生路,週一至週六08:00~18:00,中華路~五權路,西區,231
C,差別費率，15元/三十分鐘，大型車加倍,0,,民生路,每日08:00~20:00,英才路~美村路,西區,232
C,累進費率，以三十分鐘計費，大型車加倍,0,,民族路,每日08:00~18:00,建國路~綠川西街,中區,233
C,累進費率，以三十分鐘計費，大型車加倍，停車30分鐘內離場不收費（每日限一次）,0,,民族路,每日08:00~18:00,綠川西街~市府路,中區,234
C,20元/時，大型車加倍,0,,民族路,每日08:00~18:00,市府路~三民路,中區,235
C,20元/時，大型車加倍,0,,民族路,每日08:00~18:00,三民路~中華路,中區,236
C,20元/時，大型車加倍,0,,民權路,每日08:00~18:00,建國路~自由路,中、西區,237
C,累進費率，以三十分鐘計費，大型車加倍，停車30分鐘內離場不收費（每日限一次）,0,,民權路,每日08:00~18:00,自由路~三民路,中、西區,238
C,20元/時，大型車加倍,0,,民權路,每日08:00~18:00,三民路~中華路,中、西區,239
C,20元/時，大型車加倍,0,,民權路,每日08:00~18:00,中華路~五權路,中、北、西區,240
C,20元/時，大型車加倍,0,,民權路,每日08:00~18:00,五權路~臺灣大道,西區,241
C,20元/時，大型車加倍,0,,民權路,每日08:00~18:00,臺灣大道~忠明路,西、北區,242
C,20元/時，大型車加倍,0,,永南街,每日08:00~18:00,忠明南路~永東街,南區,243
C,20元/時，大型車加倍,0,,永春東一路,週一至週六08:00~18:00,文心南一路~文心南七路,南屯區,244
C,20元/時，大型車加倍,0,,永春東七路,每日08:00~20:00,干城街~五權西路,南屯區,245
C,20元/時，大型車加倍,0,,永春東七路738巷,每日08:00~20:00,三厝街~永春東七路,南屯區,246
C,20元/時，大型車加倍,0,,永春東二路,週一至週六08:00~18:00,文心南三路~永順路,南屯區,247
C,20元/時，大型車加倍,0,,永春東三路,週一至週六08:00~18:00,永春東路~永順路,南屯區,248
C,累進費率，以三十分鐘計費，大型車加倍,0,,永春東路,每日08:00~20:00,大墩南路~文心南路,南屯區,249
C,20元/時，大型車加倍,0,,永春東路,週一至週六08:00~18:00,精誠南路~大墩南路,南屯區,250
C,20元/時，大型車加倍,0,,永春東路,週一至週六08:00~18:00,文心南路~黎明路,南屯區,251
C,20元/時，大型車加倍,0,,永康路,週一至週六08:00~18:00,安康路~保康路,豐原區,252
C,20元/時，大型車加倍,0,,永福路,每日08:00~18:00,西屯路~臺灣大道,西屯區,253
C,20元/時，大型車加倍,0,,玉成路,每日08:00~18:00,玉寶路~協和北巷,西屯區,254
C,20元/時，大型車加倍,0,,玉門路,每日08:00~18:00,國安二路~臺灣大道,西屯區,255
C,20元/時，大型車加倍,0,,玉寶路,每日08:00~18:00,福玄路~朝馬路,西屯區,256
C,20元/時，大型車加倍,0,,甘肅路,每日08:00~20:00,漢口路~文心路,西屯區,257
C,20元/時，大型車加倍,0,,立德東街、立德街,週一至週六08:00~18:00,大里區界~建成路,東區,258
C,20元/時，大型車加倍,0,,立德街,週一至週六08:00~18:00,信義街~立德街67巷,東區,259
C,累進費率，以三十分鐘計費，大型車加倍，停車30分鐘內離場不收費（每日限一次）,0,,光復路,每日08:00~18:00,綠川西街~市府路,中區,260
C,20元/時，大型車加倍,0,,光復路,每日08:00~18:00,市府路~三民路,中區,261
C,20元/時，大型車加倍,0,,光復路,每日08:00~18:00,三民路~中華路,中區,262
C,20元/時，大型車加倍,0,,合江街,每日08:00~18:00,重慶路~重慶路,西屯區,263
C,20元/時，大型車加倍,0,,合作街,每日08:00~20:00,信義南街~復興路,南區,264
C,20元/時，大型車加倍,0,,吉祥街,每日08:00~18:00,成功路~光復路,中區,265
C,20元/時，大型車加倍,0,,后庄七街,每日08:00~20:00,敦化路~后庄七街1之1號,北屯區,266
C,20元/時，大型車加倍,0,,后庄北路,每日08:00~20:00,后庄北路240巷~中清路,北屯區,267
C,差別費率，15元/三十分鐘，大型車加倍,0,,向上南路,每日08:00~20:00,精誠路~大墩路,南屯、西區,268
C,差別費率，15元/三十分鐘，大型車加倍,0,,向上南路,每日08:00~20:00,大墩路~文心路,南屯區,269
C,差別費率，15元/三十分鐘，大型車加倍,0,,向上路,每日08:00~20:00,民權路~英才路,西區,270
C,差別費率，15元/三十分鐘，大型車加倍,0,,向上路,每日08:00~20:00,英才路~美村路,西區,271
C,累進費率，以三十分鐘計費，大型車加倍，停車30分鐘內離場不收費（每日限一次）,0,,向上路,每日08:00~20:00,美村路~忠明南路,西區,272
C,累進費率，以三十分鐘計費，大型車加倍，停車30分鐘內離場不收費（每日限一次）,0,,向上路,每日08:00~20:00,忠明南路~東興路,西區,273
C,累進費率，以三十分鐘計費，大型車加倍，停車30分鐘內離場不收費（每日限一次）,0,,向上路,每日08:00~20:00,東興路~大墩路,南屯、西區,274
C,累進費率，以三十分鐘計費，大型車加倍，停車30分鐘內離場不收費（每日限一次）,0,,向上路,每日08:00~20:00,大墩路~文心路,南屯區,275
C,20元/時，大型車加倍,0,,向上路,每日08:00~20:00,惠文路~黎明路,南屯區,276
C,差別費率，15元/三十分鐘，大型車加倍,0,,向上路1段79巷,每日08:00~20:00,民生路~向上路,西區,277
C,20元/時，大型車加倍,0,,向心南路,週一至週六08:00~18:00,南屯路~永春東路,南屯區,278
C,20元/時，大型車加倍,0,,向心南路,週一至週六08:00~18:00,永春東路~文心南七路,南屯區,279
C,20元/時，大型車加倍,0,,向學路,每日08:00~20:00,惠文路~惠中路,南屯區,280
C,差別費率，15元/三十分鐘，大型車加倍,0,,存中街,每日08:00~20:00,美村路~大忠南街,西區,281
C,20元/時，大型車加倍,0,,安和二街,每日08:00~18:00,協仁街~玉寶路,西屯區,282
C,20元/時，大型車加倍,0,,安和西路,每日08:00~18:00,安和三街~朝馬路,西屯區,283
C,20元/時，大型車加倍,0,,安和路,每日08:00~18:00,安和路189巷~朝馬路,西屯區,284
C,20元/時，大型車加倍,0,,安康路,週一至週六08:00~18:00,永康路~圓環東路,豐原區,285
C,累進費率，以三十分鐘計費，大型車加倍,0,,成功路,每日08:00~18:00,建國路~綠川西街,中區,286
C,累進費率，以三十分鐘計費，大型車加倍，停車30分鐘內離場不收費（每日限一次）,0,,成功路,每日08:00~18:00,綠川西街~市府路,中區,287
C,20元/時，大型車加倍,0,,成功路,每日08:00~18:00,市府路~三民路,中區,288
C,20元/時，大型車加倍,0,,成功路,每日08:00~18:00,三民路~中華路,中區,289
C,20元/時，大型車加倍,0,,成都路,每日08:00~18:00,文心路~甘肅路,西屯區,290
C,20元/時，大型車加倍，大客車停車第1小時免費,0,,自由一街,每日08:00~20:00,自由三街~自由路,東區,291
C,20元/時，大型車加倍，大客車停車第1小時免費,0,,自由二街,每日08:00~20:00,自由路~公園東路,東區,292
C,20元/時，大型車加倍，大客車停車第1小時免費,0,,自由三街,每日08:00~20:00,自由路~南京路,東區,293
C,20元/時，大型車加倍，大客車停車第1小時免費,0,,自由路,每日08:00~20:00,進德路~復興路,東區,294
C,20元/時，大型車加倍，大客車停車第1小時免費,0,,自由路,每日08:00~20:00,復興路~雙十路,東區,295
C,累進費率，以三十分鐘計費，大型車加倍，停車30分鐘內離場不收費（每日限一次）,0,,自由路,每日08:00~18:00,雙十路~臺灣大道,中區,296
C,累進費率，以三十分鐘計費，大型車加倍，停車30分鐘內離場不收費（每日限一次）,0,,自由路,每日08:00~18:00,臺灣大道~民權路,中區,297
C,20元/時，大型車加倍,0,,自由路,週一至週六08:00~18:00,民權路~林森路,西區,298
C,20元/時，大型車加倍,0,,自由路,週一至週六08:00~18:00,林森路~三民路,西區,299
C,20元/時，大型車加倍,0,,自立街,週一至週六08:00~18:00,大明街~柳川東路,西區,300
C,20元/時，大型車加倍,0,,至善路,每日08:00~18:00,逢甲路~上安路,西屯區,301
C,20元/時，大型車加倍,0,,至善路,每日08:00~20:00,上安路~臺灣大道,西屯區,302
C,20元/時，大型車加倍,0,,西屯路,每日08:00~20:00,太原路~漢口路,西屯區,303
C,20元/時，大型車加倍,0,,西屯路,每日08:00~18:00,福林路~東大路,西屯區,304
C,差別費率，15元/三十分鐘，大型車加倍,0,,西苑路,每日08:00~20:00,福星路~西苑三街,西屯區,305
C,20元/時，大型車加倍,0,,旱溪東路,週一至週六08:00~18:00,松竹路~新興路,北屯、太平區,306
C,20元/時，大型車加倍,0,,旱溪東路,週一至週六08:00~18:00,新興路~太平區中山路,太平區,307
C,20元/時，大型車加倍,0,,旱溪東路,週一至週六08:00~18:00,太平區中山路~環中東路5段,太平、東區,308
C,20元/時，大型車加倍,0,,旱溪西路,週一至週六08:00~18:00,松竹路~天祥街,北屯區,309
C,20元/時，大型車加倍,0,,旱溪西路,週一至週六08:00~18:00,天祥街~精武路,北、太平、東區,310
C,20元/時，大型車加倍,0,,旱溪西路,週一至週六08:00~18:00,精武路~振興路,東區,311
C,累進費率，以三十分鐘計費，大型車加倍，停車30分鐘內離場不收費（每日限一次）,0,,育才北路,每日08:00~20:00,雙十路~五權路,北區,312
C,20元/時，大型車加倍,0,,育祥街,每日08:00~18:00,育隆路~育樂街,北區,313
C,20元/時，大型車加倍,0,,育隆路,每日08:00~18:00,進化路~育祥街,北區,314
C,差別費率，15元/三十分鐘，大型車加倍,0,,育德路,每日08:00~20:00,學士路~中清路,北區,315
C,20元/時，大型車加倍,0,,育德路,每日08:00~18:00,中清路~篤行路,北區,316
C,20元/時，大型車加倍,0,,育德路,每日08:00~18:00,篤行路~博館路,北區,317
C,20元/時，大型車加倍,0,,育樂街,每日08:00~18:00,進化路~雙十路,北區,318
C,20元/時，大型車加倍,0,,協仁街,每日08:00~18:00,臺灣大道~朝馬路,西屯區,319
C,20元/時，大型車加倍,0,,居仁街,週一至週六08:00~18:00,建國路~自由路,西區,320
C,20元/時，大型車加倍,0,,府後街,週一至週六08:00~18:00,民生路~林森路,西區,321
C,20元/時，大型車加倍,0,,府後街,週一至週六08:00~18:00,林森路~貴和街,西區,322
C,20元/時，大型車加倍,0,,忠太東(西)路,每日08:00~18:00,太原路~健行路,北區,323
C,20元/時，大型車加倍,0,,忠孝路,週一至週六08:00~18:00,建成路~台中路,東區,324
C,差別費率，15元/三十分鐘，大型車加倍,0,,忠明南路,每日08:00~20:00,臺灣大道~公益路,西區,325
C,差別費率，15元/三十分鐘，大型車加倍,0,,忠明南路,每日08:00~20:00,公益路~向上路,西區,326
C,差別費率，15元/三十分鐘，大型車加倍,0,,忠明南路,每日08:00~20:00,向上路~五權西路,西區,327
C,20元/時，大型車加倍,0,,忠明南路,每日08:00~20:00,五權西路~三民西路,西、南區,328
C,20元/時，大型車加倍,0,,忠明南路,週一至週六08:00~18:00,國光路~明德街,南區,329
C,20元/時，大型車加倍,0,,忠明南路-2線道,週一至週六08:00~18:00,忠明南路730巷~復興北路,南區,330
C,20元/時，大型車加倍,0,,忠明南路-2線道,週一至週六08:00~18:00,工學北路~南和路,南區,331
C,20元/時，大型車加倍,0,,忠明南路-非2線道,每日08:00~20:00,三民西路~復興路,南區,332
C,20元/時，大型車加倍,0,,忠明南路-非2線道,每日08:00~20:00,復興路~五權南路,南區,333
C,差別費率，15元/三十分鐘，大型車加倍,0,,忠明路,每日08:00~20:00,中清路~民權路,北區,334
C,差別費率，15元/三十分鐘，大型車加倍,0,,忠明路,每日08:00~20:00,民權路~忠太東路,北區,335
C,差別費率，15元/三十分鐘，大型車加倍,0,,忠明路,每日08:00~20:00,忠太東路~西屯路,北區,336
C,差別費率，15元/三十分鐘，大型車加倍,0,,忠明路,每日08:00~20:00,西屯路~博館路,北、西區,337
C,差別費率，15元/三十分鐘，大型車加倍,0,,忠明路,每日08:00~20:00,博館路~臺灣大道,西區,338
C,20元/時，大型車加倍,0,,東大路,每日08:00~18:00,國安二路~臺灣大道,西屯區,339
C,20元/時，大型車加倍,0,,東山路,每日08:00~18:00,祥順路~北屯路,北屯區,340
C,20元/時，大型車加倍,0,,東光園路,週一至週六08:00~18:00,自由路~大智路,東區,341
C,20元/時，大型車加倍,0,,東光路,週一至週六08:00~18:00,東光路892巷~天祥街,北屯區,342
C,差別費率，15元/三十分鐘，大型車加倍,0,,東興路,每日08:00~20:00,臺灣大道~大隆路,西屯區,343
C,差別費率，15元/三十分鐘，大型車加倍,0,,東興路,每日08:00~20:00,大隆路~大業路,西、南屯區,344
C,差別費率，15元/三十分鐘，大型車加倍,0,,東興路,每日08:00~20:00,大業路~公益路,西、南屯區,345
C,差別費率，15元/三十分鐘，大型車加倍,0,,東興路,每日08:00~20:00,公益路~向上路,南屯、西區,346
C,差別費率，15元/三十分鐘，大型車加倍,0,,東興路,每日08:00~20:00,向上路~五權西路,西、南屯區,347
C,20元/時，大型車加倍,0,,東興路,週一至週六08:00~18:00,五權西路~三民西路,南屯區,348
C,20元/時，大型車加倍,0,,東興路,週一至週六08:00~18:00,建國南路~復興路,南區,349
C,20元/時，大型車加倍,0,,松竹路,每日08:00~20:00,北屯路~興安路,北屯區,350
C,20元/時，大型車加倍,0,,松竹路,每日08:00~20:00,興安路~崇德路,北屯區,351
C,20元/時，大型車加倍,0,,松竹路2段7巷,週一至週六08:00~18:00,松竹路~北屯路439-17巷,北屯區,352
C,20元/時，大型車加倍,0,,松明街,每日08:00~20:00,北屯路473巷6弄~松明街9巷,北屯區,353
C,20元/時，大型車加倍,0,,林森路,週一至週六08:00~18:00,建國路~三民路,西區,354
C,20元/時，大型車加倍,0,,林森路,週一至週六08:00~18:00,三民路~柳川東路,西區,355
C,20元/時，大型車加倍,0,,林森路,週一至週六08:00~18:00,柳川東路~五權路,西區,356
C,20元/時，大型車加倍,0,,武昌路,每日08:00~20:00,陝西東一街~陝西路,北區,357
C,20元/時，大型車加倍,0,,河北路,每日08:00~20:00,大連路~文心路,北屯區,358
C,差別費率，15元/三十分鐘，大型車加倍,0,,河南路,每日08:00~20:00,漢口路~文心路,西屯區,359
C,20元/時，大型車加倍,0,,河南路,每日08:00~20:00,文心路~逢大路,西屯區,360
C,差別費率，15元/三十分鐘，大型車加倍,0,,河南路,每日08:00~20:00,逢大路~福星路,西屯區,361
C,差別費率，15元/三十分鐘，大型車加倍,0,,河南路,每日08:00~20:00,福星路~青海路,西屯區,362
C,差別費率，15元/三十分鐘，大型車加倍,0,,河南路,每日08:00~20:00,青海路~臺灣大道,西屯區,363
C,差別費率，15元/三十分鐘，大型車加倍,0,,河南路,每日08:00~20:00,臺灣大道~市政北七路,西屯區,364
C,差別費率，15元/三十分鐘，大型車加倍,0,,河南路,每日08:00~20:00,市政北七路~市政路,西屯區,365
C,差別費率，15元/三十分鐘，大型車加倍,0,,河南路,每日08:00~20:00,市政路~大業路,南屯、西屯區,366
C,差別費率，15元/三十分鐘，大型車加倍,0,,河南路,每日08:00~20:00,大業路~向上路,南屯區,367
C,差別費率，15元/三十分鐘，大型車加倍,0,,河南路,每日08:00~20:00,向上路~大墩七街,南屯區,368
C,20元/時，大型車加倍,0,,河南路2段301巷,每日08:00~20:00,弘孝路~河南路,西屯區,369
C,20元/時，大型車加倍,0,,長安路,每日08:00~20:00,甘肅路~櫻花路,西屯區,370
C,20元/時，大型車加倍,0,,青海南街,每日08:00~20:00,黎明路~青海路,西屯區,371
C,差別費率，15元/三十分鐘，大型車加倍,0,,青海路,每日08:00~20:00,漢口路~文心路,西屯區,372
C,差別費率，15元/三十分鐘，大型車加倍,0,,青海路,每日08:00~20:00,文心路~惠中路,西屯區,373
C,差別費率，15元/三十分鐘，大型車加倍,0,,青海路,每日08:00~20:00,惠中路~河南路,西屯區,374
C,差別費率，15元/三十分鐘，大型車加倍,0,,青海路,每日08:00~20:00,河南路~至善路,西屯區,375
C,差別費率，15元/三十分鐘，大型車加倍,0,,青海路,每日08:00~20:00,至善路~黎明路,西屯區,376
C,20元/時，大型車加倍,0,,信義街,週一至週六08:00~18:00,大勇街~台中路,東區,377
C,20元/時，大型車加倍,0,,南屯路,每日08:00~18:00,美村路~忠明南路,西、南區,378
C,20元/時，大型車加倍,0,,南屯路,週一至週六08:00~18:00,忠明南路~東興路,西、南、南屯區,379
C,20元/時，大型車加倍,0,,南屯路,週一至週六08:00~18:00,東興路~大墩路,南屯區,380
C,20元/時，大型車加倍,0,,南屯路,週一至週六08:00~18:00,大墩路~文心南路,南屯區,381
C,20元/時，大型車加倍,0,,南屯路,週一至週六08:00~18:00,文心南路~向心南路,南屯區,382
C,20元/時，大型車加倍，大客車停車第1小時免費,0,,南京一街,每日08:00~20:00,進德一街~南京路,東區,383
C,20元/時，大型車加倍，大客車停車第1小時免費,0,,南京二街,每日08:00~20:00,南京一街~南京六街,東區,384
C,20元/時，大型車加倍，大客車停車第1小時免費,0,,南京三街,每日08:00~20:00,公園東路~南京路,東區,385
C,20元/時，大型車加倍，大客車停車第1小時免費,0,,南京五街,每日08:00~20:00,南京四街~南京六街,東區,386
C,20元/時，大型車加倍，大客車停車第1小時免費,0,,南京四街,每日08:00~20:00,公園東路~南京路,東區,387
C,20元/時，大型車加倍,0,,南京東路,週一至週六08:00~18:00,北屯路~僑校街,北屯區,388
C,20元/時，大型車加倍,0,,南京東路,週一至週六08:00~18:00,北屯路240巷~興進路,北屯、北區,389
C,20元/時，大型車加倍,0,,南京東路,週一至週六08:00~18:00,興進路~自由路,北、東區,390
C,20元/時，大型車加倍,0,,南京路,週一至週六08:00~18:00,自由路~進德路,東區,391
C,20元/時，大型車加倍，大客車停車第1小時免費,0,,南京路,每日08:00~20:00,進德路~復興路,東區,392
C,20元/時，大型車加倍,0,,南和路,週一至週六08:00~18:00,忠明南路~高工路,南區,393
C,20元/時，大型車加倍,0,,南門路,週一至週六08:00~18:00,明德街~國光路,南區,394
C,20元/時，大型車加倍,0,,建成路,週一至週六08:00~18:00,復興東路~樂業一路,東區,395
C,20元/時，大型車加倍,0,本路段不發售指定區段月票。,建成路,每日07:00~15:00,樂業一路~樂業二路,東區,396
C,差別費率，15元/三十分鐘，大型車加倍,0,本路段不發售指定區段月票。,建成路,每日07:00~15:00,樂業二路~進德路,東區,397
C,20元/時，大型車加倍,0,,建成路,每日08:00~20:00,學府路~五權南路,南區,398
C,20元/時，大型車加倍,0,,建國北路,週一至週六08:00~18:00,林森路~文心南路,西、南區,399
C,20元/時，大型車加倍,0,,建國南路,週一至週六08:00~18:00,正義街~大慶街,南區,400
C,20元/時，大型車加倍,0,,建國南路1段267巷,週一至週六08:00~18:00,建國南路~忠明南路730巷,南區,401
C,20元/時，大型車加倍,0,,建國南路路側近正義街（北向側）停車空間,週一至週六08:00~18:00,,南區,402
C,20元/時，大型車加倍,0,,建國路,週一至週六08:00~18:00,民族路~康樂街,中、西區,403
C,20元/時，大型車加倍,0,,建國路,週一至週六08:00~18:00,康樂街~林森路,西區,404
C,20元/時，大型車加倍,0,,春安二街,每日09:00~17:00,嶺東南路~建功路,南屯區,405
C,20元/時，大型車加倍,0,,春安三街,每日09:00~17:00,嶺東南路~春安二街,南屯區,406
C,20元/時，大型車加倍,0,,春安路,每日09:00~17:00,春安路29號旁~建功路,南屯區,407
C,20元/時，大型車加倍,0,,柳川西路,每日08:00~18:00,學士路~中華路,中、北區,408
C,20元/時，大型車加倍,0,,柳川西路,每日08:00~18:00,臺灣大道~民權路,中區,409
C,20元/時，大型車加倍,0,,柳川西路,週一至週六08:00~18:00,民權路~林森路,西區,410
C,20元/時，大型車加倍,0,,柳川西路,週一至週六08:00~18:00,林森路~建國北路,西、南區,411
C,20元/時，大型車加倍,0,,柳川東路,每日08:00~18:00,學士路~公園路,北區,412
C,20元/時，大型車加倍,0,,柳川東路,每日08:00~18:00,臺灣大道~民權路,中區,413
C,20元/時，大型車加倍,0,,柳川東路,週一至週六08:00~18:00,民權路~林森路,西區,414
C,20元/時，大型車加倍,0,,柳川東路,週一至週六08:00~18:00,林森路~建國北路,西、南區,415
C,20元/時，大型車加倍,0,,柳陽西街,週一至週六08:00~18:00,北新路~昌平路,北屯區,416
C,20元/時，大型車加倍,0,,柳陽西街,週一至週六08:00~18:00,文心路~漢口路,北屯區,417
C,20元/時，大型車加倍,0,,柳陽西街,週一至週六08:00~18:00,太原路~進化北路,北區,418
C,20元/時，大型車加倍,0,,柳陽東西街與崇興路口,週一至週六08:00~18:00,,北屯區,419
C,20元/時，大型車加倍,0,,柳陽東街,週一至週六08:00~18:00,北新路~昌平路,北屯區,420
C,20元/時，大型車加倍,0,,柳陽東街,週一至週六08:00~18:00,北平路~崇興路,北屯區,421
C,20元/時，大型車加倍,0,,柳陽東街,週一至週六08:00~18:00,太原路~進化北路,北屯區,422
C,20元/時，大型車加倍,0,,洛陽路,每日08:00~20:00,櫻花路~青海路,西屯區,423
C,20元/時，大型車加倍,0,,洛陽路,每日08:00~20:00,洛陽南街~文中路,西屯區,424
C,20元/時，大型車加倍,0,,洛陽路125巷,每日08:00~20:00,洛陽路~西屯路2段208巷,西屯區,425
C,累進費率，以三十分鐘計費，大型車加倍，停車30分鐘內離場不收費（每日限一次）,0,,美村路,每日08:00~20:00,臺灣大道~公益路,西區,426
C,累進費率，以三十分鐘計費，大型車加倍，停車30分鐘內離場不收費（每日限一次）,0,,美村路,每日08:00~20:00,公益路~向上路,西區,427
C,差別費率，15元/三十分鐘，大型車加倍,0,,美村路,每日08:00~20:00,向上路~五權西路,西區,428
C,差別費率，15元/三十分鐘，大型車加倍,0,,美村路,每日08:00~20:00,五權西路~南屯路,西區,429
C,差別費率，15元/三十分鐘，大型車加倍,0,,美德街,每日08:00~20:00,崇德路~學士路,北區,430
C,20元/時，大型車加倍,0,,英士路,每日08:00~18:00,五權路~英才路,北區,431
C,差別費率，15元/三十分鐘，大型車加倍,0,,英才路,每日08:00~20:00,學士路~中清路,北區,432
C,差別費率，15元/三十分鐘，大型車加倍,0,,英才路,每日08:00~20:00,中清路~民權路,北區,433
C,差別費率，15元/三十分鐘，大型車加倍,0,,英才路,每日08:00~20:00,民權路~臺灣大道,北、西區,434
C,累進費率，以三十分鐘計費，大型車加倍，停車30分鐘內離場不收費（每日限一次）,0,,英才路,每日08:00~20:00,臺灣大道~公益路,西區,435
C,差別費率，15元/三十分鐘，大型車加倍,0,,英才路,每日08:00~20:00,公益路~向上路,西區,436
C,差別費率，15元/三十分鐘，大型車加倍,0,,英才路,每日08:00~20:00,向上路~五權路,西區,437
C,20元/時，大型車加倍,0,,重慶路,每日08:00~18:00,成都路~河南路,西屯區,438
C,20元/時，大型車加倍,0,,重慶路,每日08:00~20:00,河南路~甘肅路,西屯區,439
C,20元/時，大型車加倍,0,,重慶路,每日08:00~20:00,青海路~四川路,西屯區,440
C,20元/時，大型車加倍,0,,原子街,每日08:00~18:00,民族路~民權路,北區,441
C,20元/時，大型車加倍,0,,旅順路,每日08:00~20:00,崇德路~河北路,北屯區,442
C,差別費率，15元/三十分鐘，大型車加倍,0,,烈美街,每日08:00~20:00,漢翔路~福星路,西屯區,443
C,20元/時，大型車加倍,0,,站區二路,週一至週六08:00~18:00,高鐵三路~高鐵五路,烏日區,444
C,20元/時，大型車加倍,0,,陝西路,每日08:00~20:00,漢口路~文心路,北區,445
C,20元/時，大型車加倍,0,,高工南路,週一至週六08:00~18:00,高工路~文心南路,南區,446
C,20元/時，大型車加倍,0,,高工路,週一至週六08:00~18:00,工學二街~工學六街,南區,447
C,20元/時，大型車加倍,0,,高院路,每日08:00~18:00,南平路~復興路,南區,448
C,20元/時，大型車加倍,0,,高鐵一路,週一至週六08:00~18:00,站區二路~高鐵路,烏日區,449
C,20元/時，大型車加倍,0,,高鐵三路,週一至週六08:00~18:00,高鐵東路~高鐵路,烏日區,450
C,20元/時，大型車加倍,0,,高鐵五路,週一至週六08:00~18:00,高鐵東路~站區一路,烏日區,451
C,20元/時，大型車加倍,0,,高鐵六路,週一至週六08:00~18:00,中山路~高鐵東二路,烏日區,452
C,20元/時，大型車加倍,0,,高鐵東一路,週一至週六08:00~18:00,高鐵東路~高鐵六路,烏日區,453
C,20元/時，大型車加倍,0,,高鐵東二路,週一至週六08:00~18:00,高鐵六路~學田路,烏日區,454
C,差別費率，15元/三十分鐘，大型車加倍,0,,健行路,每日08:00~20:00,北屯路~崇德路,北區,455
C,差別費率，15元/三十分鐘，大型車加倍,0,,健行路,每日08:00~20:00,崇德路~學士路,北區,456
C,差別費率，15元/三十分鐘，大型車加倍,0,,健行路,每日08:00~20:00,學士路~中清路,北區,457
C,差別費率，15元/三十分鐘，大型車加倍,0,,健行路,每日08:00~20:00,中清路~民權路,北區,458
C,差別費率，15元/三十分鐘，大型車加倍,0,,健行路,每日08:00~20:00,民權路~西屯路,北區,459
C,差別費率，15元/三十分鐘，大型車加倍,0,,健行路,每日08:00~20:00,西屯路~博館路166號,西、北區,460
C,累進費率，以三十分鐘計費，大型車加倍，停車30分鐘內離場不收費（每日限一次）,0,,健行路,每日08:00~20:00,博館路163號~臺灣大道,西區,461
C,20元/時，大型車加倍,0,,健行路964巷,每日08:00~20:00,健行路~華美街,北、西區,462
C,20元/時，大型車加倍,0,,國光路,每日08:00~20:00,忠明南路~建成路,南區,463
C,20元/時，大型車加倍,0,,國光路,每日08:00~20:00,建成路~復興路,南區,464
C,20元/時，大型車加倍,0,,國安一路,每日08:00~18:00,福林路~東大路,西屯區,465
C,20元/時，大型車加倍,0,,國安二路,每日08:00~18:00,福林路~東大路,西屯區,466
C,20元/時，大型車加倍,0,,國校巷,週一至週六08:00~18:00,進化北路~太原路,北屯區,467
C,20元/時，大型車加倍,0,,崇德十九路,每日08:00~20:00,崇德路~四平路,北屯區,468
C,差別費率，15元/三十分鐘，大型車加倍,0,,崇德路,每日08:00~20:00,三民路~健行路,北區,469
C,差別費率，15元/三十分鐘，大型車加倍,0,,崇德路,每日08:00~20:00,健行路~進化北路,北區,470
C,差別費率，15元/三十分鐘，大型車加倍,0,,崇德路,每日08:00~20:00,進化北路~漢口路,北區,471
C,差別費率，15元/三十分鐘，大型車加倍,0,,崇德路,每日08:00~20:00,漢口路~文心路,北、北屯區,472
C,差別費率，15元/三十分鐘，大型車加倍,0,,崇德路,每日08:00~20:00,文心路~崇德二路,北屯區,473
C,差別費率，15元/三十分鐘，大型車加倍,0,,崇德路,每日08:00~20:00,崇德二路~松竹路,北屯區,474
C,20元/時，大型車加倍,0,,崇德路,每日08:00~20:00,松竹路~崇德十路,北屯區,475
C,20元/時，大型車加倍,0,,崇德路,每日08:00~20:00,崇德十路~豐樂路,北屯區,476
C,20元/時，大型車加倍,0,,崇德路,每日08:00~20:00,豐樂路~環中路,北屯區,477
C,20元/時，大型車加倍,0,,康樂街,週一至週六08:00~18:00,建國路~自由路,西區,478
C,20元/時，大型車加倍,0,,康樂街,週一至週六08:00~18:00,自由路~三民路,西區,479
C,20元/時，大型車加倍,0,,彩虹巷,每日09:00~17:00,彩虹巷20號~春安路,南屯區,480
C,20元/時，大型車加倍,0,,梅川西路,週一至週六08:00~18:00,大連路~文心路,北屯區,481
C,20元/時，大型車加倍,0,,梅川西路,週一至週六08:00~18:00,文心路~漢口路,北區,482
C,20元/時，大型車加倍,0,,梅川西路,週一至週六08:00~18:00,漢口路~進化北路,北區,483
C,20元/時，大型車加倍,0,,梅川西路,週一至週六08:00~18:00,進化北路~健行路,北區,484
C,20元/時，大型車加倍,0,,梅川西路,週一至週六08:00~18:00,健行路~篤行路,北區,485
C,20元/時，大型車加倍,0,,梅川西路,週一至週六08:00~18:00,篤行路~臺灣大道,北、西區,486
C,20元/時，大型車加倍,0,,梅川西路,週一至週六08:00~18:00,臺灣大道~民權路,西區,487
C,20元/時，大型車加倍,0,,梅川西路,週一至週六08:00~18:00,民權路~民生路,西區,488
C,20元/時，大型車加倍,0,,梅川西路,週一至週六08:00~18:00,民生路~英才路,西區,489
C,20元/時，大型車加倍,0,,梅川西路3段35巷,每日08:00~20:00,梅川西路~山西路,北區,490
C,20元/時，大型車加倍,0,,梅川東路,週一至週六08:00~18:00,民權路~五權路,西區,491
C,20元/時，大型車加倍,0,,梅川東路,週一至週六08:00~18:00,大連路~文心路,北屯區,492
C,20元/時，大型車加倍,0,,梅川東路,週一至週六08:00~18:00,文心路~漢口路,北屯、北區,493
C,20元/時，大型車加倍,0,,梅川東路,週一至週六08:00~18:00,漢口路~進化北路,北區,494
C,20元/時，大型車加倍,0,,梅川東路,週一至週六08:00~18:00,進化北路~健行路,北區,495
C,20元/時，大型車加倍,0,,梅川東路,週一至週六08:00~18:00,健行路~篤行路,北區,496
C,20元/時，大型車加倍,0,,梅川東路,週一至週六08:00~18:00,篤行路~臺灣大道,北、西區,497
C,20元/時，大型車加倍,0,,梅川東路,週一至週六08:00~18:00,臺灣大道~民權路,西區,498
C,差別費率，15元/三十分鐘，大型車加倍,0,,逢大路,每日08:00~20:00,河南路~逢甲大學後門,西屯區,499
C,差別費率，15元/三十分鐘，大型車加倍,0,,逢甲路,每日08:00~20:00,文華路~青海路,西屯區,500
C,20元/時，大型車加倍,0,,麻園西街,週一至週六08:00~18:00,大連路~文心路,北屯區,501
C,20元/時，大型車加倍,0,,麻園東街,週一至週六08:00~18:00,大連路~文心路,北屯區,502
C,20元/時，大型車加倍,0,,勝利路,週一至週六08:00~18:00,勝利一街~潭興路,潭子區,503
C,20元/時，大型車加倍,0,,博愛街,週一至週六08:00~18:00,干城街~干城街,南屯區,504
C,差別費率，15元/三十分鐘，大型車加倍,0,,博館三街,每日08:00~20:00,館前路~健行路,西區,505
C,差別費率，15元/三十分鐘，大型車加倍,0,,博館路,每日08:00~20:00,健行路~育德路~博館一街,北區,506
C,差別費率，15元/三十分鐘，大型車加倍,0,,博館路,每日08:00~20:00,博館東街~館前路~健行路,西、北區,507
C,20元/時，大型車加倍,0,,富台東街,每日08:00~18:00,精武路217巷~自由路,東區,508
C,20元/時，大型車加倍,0,,富榮街,每日08:00~18:00,進德路~復興路,東區,509
C,20元/時，大型車加倍,0,,復興園路,每日08:00~18:00,永東街~建成路,南區,510
C,20元/時，大型車加倍,0,,復興園路,每日08:00~20:00,建成路~建國南路,南區,511
C,20元/時，大型車加倍，大客車停車第1小時免費,0,,復興路,每日08:00~20:00,自由路~南京路,東區,512
C,差別費率，15元/三十分鐘，大型車加倍,0,,復興路,每日08:00~20:00,振興路~台中路,東區,513
C,差別費率，15元/三十分鐘，大型車加倍,0,,復興路,每日08:00~20:00,台中路~國光路,南區,514
C,20元/時，大型車加倍,0,,復興路,每日08:00~20:00,國光路~五權南路,南區,515
C,20元/時，大型車加倍,0,,復興路,每日08:00~20:00,五權南路~美村路,南區,516
C,20元/時，大型車加倍,0,,復興路,每日08:00~20:00,美村路~忠明南路,南區,517
C,20元/時，大型車加倍,0,,復興路,每日08:00~20:00,忠明南路~文心南路,南區,518
C,20元/時，大型車加倍,0,,復興路,每日08:00~20:00,文心南路~樹義六巷,南區,519
C,20元/時，大型車加倍,0,,復興路2段99巷、忠明南路759巷,週一至週六08:00~18:00,南昌街~忠明南路,南區,520
C,20元/時，大型車加倍,0,,惠中一街,每日08:00~20:00,市政北七路~市政北五路,西屯區,521
C,20元/時，大型車加倍,0,,惠中七街,每日08:00~20:00,市政北三路~市政北一路,西屯區,522
C,20元/時，大型車加倍,0,,惠中二街,每日08:00~20:00,市政北七路~市政北五路,西屯區,523
C,20元/時，大型車加倍,0,,惠中三街,每日08:00~20:00,市政北七路~市政北五路,西屯區,524
C,20元/時，大型車加倍,0,,惠中五街,每日08:00~20:00,市政北三路~市政北一路,西屯區,525
C,20元/時，大型車加倍,0,,惠中六街,每日08:00~20:00,市政北三路~市政北一路,西屯區,526
C,差別費率，15元/三十分鐘，大型車加倍,0,,惠中路,每日08:00~20:00,臺灣大道~市政北五路,西屯區,527
C,差別費率，15元/三十分鐘，大型車加倍,0,,惠中路,每日08:00~20:00,市政北五路~市政路,西屯區,528
C,差別費率，15元/三十分鐘，大型車加倍,0,,惠中路,每日08:00~20:00,市政路~公益路,西屯、南屯區,529
C,差別費率，15元/三十分鐘，大型車加倍,0,,惠中路,每日08:00~20:00,公益路~向上路,南屯區,530
C,差別費率，15元/三十分鐘，大型車加倍,0,,惠中路,每日08:00~20:00,向上路~五權西路,南屯區,531
C,20元/時，大型車加倍,0,,惠中路,每日08:00~20:00,青海路~臺灣大道,西屯區,532
C,20元/時，大型車加倍,0,,惠文路,每日08:00~20:00,市政北一路~公益路,西屯、南屯區,533
C,20元/時，大型車加倍,0,,惠文路,每日08:00~20:00,公益路~向上路,南屯區,534
C,20元/時，大型車加倍,0,,惠文路,每日08:00~20:00,向上路~大墩七街,南屯區,535
C,20元/時，大型車加倍,0,,惠文路,每日08:00~20:00,大墩七街~五權西路,南屯區,536
C,差別費率，15元/三十分鐘，大型車加倍,0,,惠民路,每日08:00~20:00,市政北七路~市政北一路,西屯區,537
C,20元/時，大型車加倍,0,,惠來路,每日08:00~18:00,櫻城五街~臺灣大道,西屯區,538
C,差別費率，15元/三十分鐘，大型車加倍,0,,惠來路,每日08:00~20:00,臺灣大道~市政路,西屯區,539
C,20元/時，大型車加倍,0,,惠來路,每日08:00~20:00,市政路~大業路,西屯、南屯區,540
C,20元/時，大型車加倍,0,,敦化路,每日08:00~20:00,后庄七街~中清路,北屯區,541
C,20元/時，大型車加倍,0,,敦化路,每日08:00~18:00,中清路~經貿路,北屯區,542
C,20元/時，大型車加倍,0,,朝馬二街,每日08:00~18:00,黎明路~朝貴路,西屯區,543
C,20元/時，大型車加倍,0,,朝馬三街,每日08:00~18:00,朝富路~朝貴路,西屯區,544
C,20元/時，大型車加倍,0,,朝馬路,每日08:00~20:00,朝富路~環中路,西屯區,545
C,20元/時，大型車加倍,0,,朝馬路,每日08:00~18:00,安和路~玉寶路,西屯區,546
C,20元/時，大型車加倍,0,,朝富一街,每日08:00~18:00,臺灣大道~朝馬三街,西屯區,547
C,20元/時，大型車加倍,0,,朝富二街,每日08:00~18:00,臺灣大道~朝馬三街,西屯區,548
C,20元/時，大型車加倍,0,,朝富路,每日08:00~20:00,臺灣大道~市政北二路,西屯區,549
C,20元/時，大型車加倍,0,,朝富路,每日08:00~20:00,市政北二路~市政路,西屯區,550
C,20元/時，大型車加倍,0,,朝貴一街（臨朝貴公園側）,每日08:00~18:00,朝馬路~朝馬路,西屯區,551
C,20元/時，大型車加倍,0,,朝貴路,每日08:00~20:00,朝馬路~市政路,西屯區,552
C,20元/時，大型車加倍,0,,朝陽街,週一至週六08:00~18:00,三民路~大全街,西區,553
C,20元/時，大型車加倍,0,,華美西街,每日08:00~20:00,文心路~漢口路,北、西屯區,554
C,20元/時，大型車加倍,0,,華美西街,每日08:00~18:00,漢口路~西屯路,西屯區,555
C,20元/時，大型車加倍,0,,華美西街,每日08:00~18:00,西屯路~臺灣大道,西區,556
C,20元/時，大型車加倍,0,,華美西街,每日08:00~18:00,臺灣大道~公益路,西區,557
C,20元/時，大型車加倍,0,,華美西街,每日08:00~18:00,公益路~忠明南路,西區,558
C,20元/時，大型車加倍,0,,華美街,每日08:00~18:00,中清路~陝西路,北區,559
C,20元/時，大型車加倍,0,,華美街,每日08:00~18:00,陝西路~漢口路,北區,560
C,20元/時，大型車加倍,0,,華美街,每日08:00~18:00,漢口路~西屯路,北區,561
C,20元/時，大型車加倍,0,,華美街,每日08:00~18:00,西屯路~臺灣大道,北、西區,562
C,20元/時，大型車加倍,0,,華美街,每日08:00~18:00,臺灣大道~公益路,西區,563
C,20元/時，大型車加倍,0,,華美街、忠明南路175巷,每日08:00~18:00,公益路~忠明南路,西區,564
C,20元/時，大型車加倍,0,,貴和街,週一至週六08:00~18:00,自由路~三民路,西區,565
C,差別費率，15元/三十分鐘，大型車加倍,0,,進化北路  ,每日08:00~20:00,北屯路~崇德路,北屯、北區,566
C,差別費率，15元/三十分鐘，大型車加倍,0,,進化北路  ,每日08:00~20:00,崇德路~學士路,北區,567
C,差別費率，15元/三十分鐘，大型車加倍,0,,進化北路  ,每日08:00~20:00,學士路~中清路,北區,568
C,20元/時，大型車加倍,0,,進化北路64巷,週一至週六08:00~18:00,北興街~太原路,北屯區,569
C,20元/時，大型車加倍,0,,進化路,每日08:00~18:00,自由路~精武路,東區,570
C,20元/時，大型車加倍,0,,進化路,每日08:00~18:00,精武路~興進路,東、北區,571
C,20元/時，大型車加倍,0,,進化路,每日08:00~18:00,興進路~北屯路,北、北屯區,572
C,20元/時，大型車加倍，大客車停車第1小時免費,0,,進德一街,每日08:00~20:00,進德路~南京一街,東區,573
C,20元/時，大型車加倍，大客車停車第1小時免費,0,,進德二街,每日08:00~20:00,進德路~自由三街,東區,574
C,20元/時，大型車加倍,0,,進德北路,每日08:00~18:00,精武路~興進路,東、北區,575
C,差別費率，15元/三十分鐘，大型車加倍,0,本路段不發售指定區段月票。,進德路,每日07:00~15:00,建成路~樂業二路,東區,576
C,20元/時，大型車加倍,0,本路段不發售指定區段月票。,進德路,每日07:00~15:00,樂業二路~樂業路,東區,577
C,20元/時，大型車加倍,0,,進德路,每日08:00~18:00,自由路~精武路,東區,578
C,累進費率，以三十分鐘計費，大型車加倍，停車30分鐘內離場不收費（每日限一次）,0,,陽明大樓西側道路,機關上班日08:00~18:00,,豐原區,579
C,20元/時，大型車加倍,0,,順平路,每日08:00~18:00,中平路~經貿一路,西屯區,580
C,20元/時，大型車加倍,0,,圓環北路,週一至週六08:00~18:00,三環路~中山路,豐原區,581
C,20元/時，大型車加倍,0,,圓環西路,週一至週六08:00~18:00,中山路~成功路,豐原區,582
C,20元/時，大型車加倍,0,,圓環南路60巷,週一至週六08:00~18:00,中興路~圓環南路,豐原區,583
C,20元/時，大型車加倍,0,,新華街,每日08:00~20:00,建成路~建國南路,南區,584
C,20元/時，大型車加倍,0,,新榮街,每日08:00~20:00,新華街~復興園路,南區,585
C,20元/時，大型車加倍,0,,綏遠路,每日08:00~20:00,瀋陽路~文心路,北屯區,586
C,20元/時，大型車加倍,0,,綏遠路,每日08:00~18:00,漢口路~太原路,北區,587
C,20元/時，大型車加倍,0,,經貿一路,每日08:00~18:00,中清路~經貿路,西屯、北屯區,588
C,20元/時，大型車加倍,0,,經貿二路,每日08:00~18:00,中清路~經貿路,北屯區,589
C,20元/時，大型車加倍,0,,經貿三路,每日08:00~18:00,中清路~經貿路,北屯區,590
C,20元/時，大型車加倍,0,,經貿五路,每日08:00~18:00,中清路~經貿路,西屯、北屯區,591
C,20元/時，大型車加倍,0,,經貿東路,每日08:00~18:00,經貿一路~經貿五路,北屯區,592
C,20元/時，大型車加倍,0,,經貿路,每日08:00~18:00,經貿一路~經貿五路,北屯、西屯區,593
C,20元/時，大型車加倍,0,,寧夏西七街,每日08:00~20:00,大信街~寧夏西四街,西屯區,594
C,20元/時，大型車加倍,0,,寧夏路,每日08:00~20:00,太原路~文心路,西屯區,595
C,20元/時，大型車加倍,0,,寧夏路89巷,每日08:00~20:00,寧夏路~寧夏西四街,西屯區,596
C,差別費率，15元/三十分鐘，大型車加倍,0,,漢口路,每日08:00~20:00,崇德路~梅川東（西）路,北區,597
C,差別費率，15元/三十分鐘，大型車加倍,0,,漢口路,每日08:00~20:00,梅川東（西）路~中清路,北區,598
C,差別費率，15元/三十分鐘，大型車加倍,0,,漢口路,每日08:00~20:00,中清路~華美街,北區,599
C,差別費率，15元/三十分鐘，大型車加倍,0,,漢口路,每日08:00~20:00,華美街~寧夏路,西屯區,600
C,差別費率，15元/三十分鐘，大型車加倍,0,,漢口路,每日08:00~20:00,寧夏路~甘肅路,西屯區,601
C,差別費率，15元/三十分鐘，大型車加倍,0,,漢口路,每日08:00~20:00,甘肅路~青海路,西屯區,602
C,差別費率，15元/三十分鐘，大型車加倍,0,,漢口路,每日08:00~20:00,青海路~臺灣大道,西屯區,603
C,差別費率，15元/三十分鐘，大型車加倍,0,,漢翔東路,每日08:00~20:00,漢翔路~福星北路182巷,西屯區,604
C,差別費率，15元/三十分鐘，大型車加倍,0,,漢翔路,每日08:00~20:00,漢翔東路~環中路,西屯區,605
C,20元/時，大型車加倍,0,,福玄路,每日08:00~18:00,協仁街~玉寶路,西屯區,606
C,20元/時，大型車加倍,0,,福田二街,週一至週六08:00~18:00,文心南路~福田路,南區,607
C,20元/時，大型車加倍,0,,福安路,每日08:00~18:00,福科路~臺灣大道,西屯區,608
C,20元/時，大型車加倍,0,,福林路,每日08:00~18:00,國安二路~臺灣大道,西屯區,609
C,差別費率，15元/三十分鐘，大型車加倍,0,,福星北路,每日08:00~20:00,福星路~黎明路,西屯區,610
C,20元/時，大型車加倍,0,,福星西路,每日08:00~20:00,黎明路~環中路,西屯區,611
C,差別費率，15元/三十分鐘，大型車加倍,0,,福星路,每日08:00~20:00,弘孝路~河南路、,西屯區,612
C,差別費率，15元/三十分鐘，大型車加倍,0,,福星路,每日08:00~20:00,福星路~河南路2段301巷,西屯區,613
C,差別費率，15元/三十分鐘，大型車加倍,0,,福星路,每日08:00~20:00,福星北路~黎明路,西屯區,614
C,20元/時，大型車加倍,0,,福科一街,每日08:00~20:00,福科路~福科二路,西屯區,615
C,20元/時，大型車加倍,0,,福科二路,每日08:00~20:00,福科路~上安路,西屯區,616
C,20元/時，大型車加倍,0,,福科二路101巷,每日08:00~20:00,福科二路~環中路,西屯區,617
C,20元/時，大型車加倍,0,,福科路,每日08:00~20:00,黎明路~環中路,西屯區,618
C,20元/時，大型車加倍,0,,福科路,每日08:00~18:00,福元路~東大路,西屯區,619
C,20元/時，大型車加倍,0,,福康路,每日08:00~18:00,西屯路~臺灣大道,西屯區,620
C,20元/時，大型車加倍,0,,福強街,每日08:00~18:00,玉門路~東大路,西屯區,621
C,20元/時，大型車加倍,0,,福貴路,週一至週六08:00~18:00,環中東路~中山路,潭子區,622
C,20元/時，大型車加倍,0,,福雅路,每日08:00~18:00,西屯路~臺灣大道,西屯區,623
C,20元/時，大型車加倍,0,,福順路,每日08:00~18:00,福元路~福林路,西屯區,624
C,20元/時，大型車加倍,0,,福順路,每日08:00~18:00,玉門路~福順路891巷,西屯區,625
C,20元/時，大型車加倍,0,,福順路462巷,每日08:00~18:00,福科路~福順路,西屯區,626
C,20元/時，大型車加倍,0,,福裕路,每日08:00~18:00,西屯路~福安東街,西屯區,627
C,20元/時，大型車加倍,0,,精武路,每日08:00~18:00,南京東路~進化路,東區,628
C,差別費率，15元/三十分鐘，大型車加倍,0,,精武路,每日08:00~20:00,復興路~柳川東路,北區,629
C,20元/時，大型車加倍,0,,精誠南路,週一至週六08:00~18:00,南屯路~三民西路,南屯區,630
C,20元/時，大型車加倍,0,,精誠路,每日08:00~20:00,臺灣大道~精誠路592巷,西屯、南屯、西區,631
C,20元/時，大型車加倍,0,,精誠路,每日08:00~18:00,精誠路592巷~五權西路,南屯區,632
C,20元/時，大型車加倍,0,,精誠路,週一至週六08:00~18:00,五權西路~南屯路,南屯區,633
C,累進費率，以三十分鐘計費，大型車加倍,0,,綠川西街,每日08:00~18:00,光復路~民權路,中區,634
C,20元/時，大型車加倍,0,,綠川西街,週一至週六08:00~18:00,民權路~民生路,西區,635
C,累進費率，以三十分鐘計費，大型車加倍,0,,綠川東街,每日08:00~18:00,建國路~民權路,中區,636
C,20元/時，大型車加倍,0,,臺灣大道,每日08:00~18:00,綠川西街~自由路,中區,637
C,累進費率，以三十分鐘計費，大型車加倍，停車30分鐘內離場不收費（每日限一次）,0,,臺灣大道,每日08:00~18:00,自由路~三民路,中區,638
C,20元/時，大型車加倍,0,,臺灣大道,每日08:00~18:00,三民路~中華路,中區,639
C,20元/時，大型車加倍,0,,臺灣大道,每日08:00~18:00,中華路~五權路,北區,640
C,差別費率，15元/三十分鐘，大型車加倍,0,,臺灣大道三段686巷,每日08:00~20:00,上安路~臺灣大道,西屯區,641
C,20元/時，大型車加倍,0,,臺灣大道4段1060巷,每日08:00~18:00,福順路~臺灣大道,西屯區,642
C,20元/時，大型車加倍,0,,德芳南路,週一至週六08:00~18:00,環中東路~國光路,大里區,643
C,20元/時，大型車加倍,0,,德芳路,週一至週六08:00~18:00,永大街~樹王路,大里區,644
C,20元/時，大型車加倍,0,,樂業一路,每日07:00~15:00,建成路~進德路,東區,645
C,差別費率，15元/三十分鐘，大型車加倍,0,本路段不發售指定區段月票。,樂業南路,每日07:00~15:00,樂業二路~樂業一路,東區,646
C,20元/時，大型車加倍,0,,潭興路,週一至週六08:00~18:00,中山路~興華二路,潭子區,647
C,20元/時，大型車加倍,0,,黎明東街,每日08:00~20:00,大墩四街~公益路,南屯區,648
C,20元/時，大型車加倍,0,,黎明東街63巷,每日08:00~20:00,黎明東街~河南路四段690巷,南屯區,649
C,差別費率，15元/三十分鐘，大型車加倍,0,,黎明路,每日08:00~20:00,福星北路~福星路,西屯區,650
C,差別費率，15元/三十分鐘，大型車加倍,0,,黎明路,每日08:00~20:00,福星路~青海路,西屯區,651
C,差別費率，15元/三十分鐘，大型車加倍,0,,黎明路,每日08:00~20:00,青海路~臺灣大道,西屯區,652
C,差別費率，15元/三十分鐘，大型車加倍,0,,黎明路,每日08:00~20:00,臺灣大道~市政路,西屯區,653
C,差別費率，15元/三十分鐘，大型車加倍,0,,黎明路,每日08:00~20:00,市政路~市政南二路,西屯、南屯區,654
C,差別費率，15元/三十分鐘，大型車加倍,0,,黎明路,每日08:00~20:00,市政南二路~五權西路,南屯區,655
C,差別費率，15元/三十分鐘，大型車加倍,0,,學士路,每日08:00~20:00,健行路~進化北路,北區,656
C,20元/時，大型車加倍,0,,學府路,每日08:00~20:00,興大路~建國南路,南區,657
C,20元/時，大型車加倍,0,,興大路,週一至週六08:00~18:00,七中路~國光路,南區,658
C,20元/時，大型車加倍,0,,興大路,每日08:00~20:00,國光路~美村路,南區,659
C,20元/時，大型車加倍,0,,興大路,每日08:00~20:00,美村路~忠明南路,南區,660
C,20元/時，大型車加倍,0,,興中街,每日08:00~18:00,公園路~中山路,中區,661
C,20元/時，大型車加倍,0,,興安路,每日08:00~20:00,遼陽五街~青島路,北屯區,662
C,20元/時，大型車加倍,0,,興華一路,週一至週六08:00~18:00,圓通南路~中山路2段241巷,潭子區,663
C,20元/時，大型車加倍,0,,興華一路360巷,週一至週六08:00~18:00,雅潭路~興華一路,潭子區,664
C,20元/時，大型車加倍,0,,興華二路,週一至週六08:00~18:00,中山路2段391巷~潭興路,潭子區,665
C,20元/時，大型車加倍,0,,興進路,每日08:00~18:00,南京東路~進化路,北區,666
C,20元/時，大型車加倍,0,,興進路,每日08:00~18:00,進化路~雙十路,北區,667
C,20元/時，大型車加倍,0,,興進路,每日08:00~18:00,雙十路~三民路,北區,668
C,20元/時，大型車加倍,0,,遼寧路,每日08:00~20:00,文心路~大連路,北屯區,669
C,差別費率，15元/三十分鐘，大型車加倍,0,,錦南街,每日08:00~20:00,雙十路~三民路,北區,670
C,累進費率，以三十分鐘計費，大型車加倍,0,,館前路,每日08:00~20:00,博館路~臺灣大道,北、西區,671
C,20元/時，大型車加倍,0,,龍門一街,每日08:00~18:00,龍門路~朝貴路,西屯區,672
C,20元/時，大型車加倍,0,,龍門路,每日08:00~18:00,朝富路~市政路,西屯區,673
C,20元/時，大型車加倍,0,,嶺東南路,每日09:00~17:00,忠勇路19巷~建功路,南屯區,674
C,20元/時，大型車加倍,0,,環中東路,週一至週六08:00~18:00,福貴路~中山路,潭子區,675
C,20元/時，大型車加倍,0,,環河路,每日08:00~18:00,朝富路~市政北二路,西屯區,676
C,20元/時，大型車加倍,0,,環河路,每日08:00~18:00,市政北二路~市政路,西屯區,677
C,20元/時，大型車加倍,0,,環河路-大里,週一至週六08:00~18:00,永隆路~大明路,大里區,678
C,20元/時，大型車加倍,0,,瀋陽路,每日08:00~20:00,河北路~綏遠路,北屯區,679
C,20元/時，大型車加倍,0,,瀋陽路,每日08:00~20:00,山西路~麻園東街,北屯區,680
C,20元/時，大型車加倍,0,,豐原大道一段高架橋下停車空間,週一至週六08:00~18:00,三和路~中山路,豐原區,681
C,20元/時，大型車加倍,0,,豐偉路,週一至週六08:00~18:00,文心南七路~文心南五路,南屯區,682
C,20元/時，大型車加倍,0,,豐富路,週一至週六08:00~18:00,文心南七路~永春東路,南屯區,683
C,差別費率，15元/三十分鐘，大型車加倍,0,,雙十路,每日08:00~20:00,健行路~錦南街,北區,684
C,差別費率，15元/三十分鐘，大型車加倍,0,,雙十路,每日08:00~20:00,錦南街~精武路,北區,685
C,差別費率，15元/三十分鐘，大型車加倍,0,,雙十路,每日08:00~20:00,精武路~自由路,北、東區,686
C,20元/時，大型車加倍，大客車停車第1小時免費,0,,雙十路,每日08:00~18:00,自由路~南京路,中、東區,687
C,20元/時，大型車加倍,0,,懷德街,週一至週六08:00~18:00,干城街（黎明停車場）~懷德街13號,南屯區,688
C,20元/時，大型車加倍,0,,繼光街,週一至週六08:00~18:00,民權路~民生路,西區,689
C,20元/時，大型車加倍,0,,櫻花路,每日08:00~20:00,文心路~西屯路2段208巷,西屯區,690
M,10元/時，每日每次最高30元,0,,建國路人行道,每日08:00~18:00,建國路240巷~八德街,東區,691
M,10元/時，每日每次最高30元,0,,八德街人行道,每日08:00~18:00,武德街~建國路,東區,692
M,每日每次20元,0,,建成路,每日07:00~15:00,樂業二路~進德路,東區,693
M,每日每次20元,0,,進德路,每日07:00~15:00,建成路~樂業路,東區,694
M,每日每次20元,0,,進德路人行道,每日07:00~15:00,建成路~樂業路,東區,695
M,每日每次20元,0,,樂業二路北側人行道,每日07:00~15:00,進德路~樂業南路,東區,696
M,10元/時，每日每次最高30元,0,,復興路,每日08:00~18:00,振興路~台中路,東區,697
M,10元/時，每日每次最高30元,0,,大勇街,每日08:00~18:00,和平街~復興路,東區,698
M,10元/時，每日每次最高30元,0,,和平街,每日08:00~18:00,大智路~大勇街,東區,699
M,10元/時，每日每次最高30元,0,,公益路,每日08:00~20:00,英才路~美村路,西區,700
M,10元/時，每日每次最高30元,0,,英才路,每日08:00~20:00,臺灣大道~公益路,西區,701
M,10元/時，每日每次最高30元,0,,英才路470巷,每日08:00~20:00,英才路~館前路,西區,702
M,10元/時，每日每次最高30元,0,,臺灣大道2段311巷,每日08:00~20:00,臺灣大道~公益路,西區,703
M,10元/時，每日每次最高30元,0,,臺灣大道2段311巷1弄,每日08:00~20:00,英才路~臺灣大道2段311巷,西區,704
M,10元/時，每日每次最高30元,0,,公益路155巷,每日08:00~20:00,公益路~公正路,西區,705
M,10元/時，每日每次最高30元,0,,中興街,每日08:00~20:00,公益路~公正路,西區,706
M,10元/時，每日每次最高30元,0,,館前路,每日08:00~20:00,英才路470巷~公益路,西區,707
M,每日每次20元,0,,建國南路,週一至週六08:00~18:00,三民路~美村路,南區,708
M,每日每次20元,0,,建國北路,週一至週六08:00~18:00,三民路~美村路,西、南區,709
M,每日每次20元,0,,文林公園周邊人行道機車停車區,週一至週六08:00~18:00,,南區,710
M,每日每次20元,0,,建國北路,週一至週六08:00~18:00,東興路~大慶街,南區,711
M,每日每次20元,0,,建國南路,週一至週六08:00~18:00,東興路~大慶火車站前,南區,712
M,每日每次20元,0,,文心南路,週一至週六08:00~18:00,建國北路~大忠南街,南區,713
M,每日每次20元,0,,大慶停車場前人行道,週一至週六08:00~18:00,建國北路~,南區,714
M,每日每次20元,0,,大慶街,週一至週六08:00~18:00,復興北路~建國南路,南區,715
M,每日每次20元,0,,育德路,每日08:00~18:00,學士路~中清路,北區,716
M,每日每次20元,0,,英才路,每日08:00~18:00,學士路~中清路,北區,717
M,每日每次20元,0,,柳川東路,每日08:00~18:00,學士路~五義街,北區,718
M,每日每次20元,0,,柳川西路,每日08:00~18:00,學士路~五義街,北區,719
M,每日每次20元,0,,五常街,每日08:00~18:00,柳川西路~英才路,北區,720
M,每日每次20元,0,,美德街人行道,每日08:00~18:00,崇德路~學士路,北區,721
M,每日每次20元,0,,學士路,每日08:00~18:00,五權路~柳川東路,北區,722
M,每日每次20元,0,,中賓停車場人行道機車停車區,每日08:00~18:00,,北區,723
M,每日每次20元,0,,東欣-停164停車場周邊人行道,每日08:00~18:00,,北區,724
M,每日每次20元,0,,雙十路,每日08:00~20:00,錦南街~精武路,北區,725
M,每日每次20元,0,,尊賢街,每日08:00~20:00,育才街~太平路,北區,726
M,每日每次20元,0,,一中街,每日08:00~20:00,錦新街~精武路,北區,727
M,每日每次20元,0,,三民路,每日08:00~20:00,五權路~精武路,北區,728
M,每日每次20元,0,,三民路人行道,每日08:00~20:00,錦平街~太平路,北區,729
M,每日每次20元,0,,五權路,每日08:00~20:00,三民路~學士路,北區,730
M,每日每次20元,0,,中華路,每日08:00~20:00,五權路~太平路,北區,731
M,每日每次20元,0,,中華路人行道,每日08:00~20:00,五權路~太平路,北區,732
M,每日每次20元,0,,錦南街,每日08:00~20:00,雙十路~三民路,北區,733
M,每日每次20元,0,,錦新街,每日08:00~20:00,雙十路~三民路,北區,734
M,每日每次20元,0,,育才北路,每日08:00~20:00,雙十路~五權路,北區,735
M,每日每次20元,0,,錦平街,每日08:00~20:00,三民路~中華路,北區,736
M,每日每次20元,0,,育才街,每日08:00~20:00,雙十路~三民路,北區,737
M,每日每次20元,0,,育才南街,每日08:00~20:00,雙十路~一中街,北區,738
M,每日每次20元,0,,太平路,每日08:00~20:00,雙十路~中華路,北區,739
M,每日每次20元,0,,精武路,每日08:00~20:00,雙十路~三民路,北區,740
M,每日每次20元,0,,精武路人行道,每日08:00~20:00,雙十路~三民路,北區,741
M,10元/時，每日每次最高30元,0,,綠川西街,每日08:00~18:00,光復路~民權路,中區,742
M,10元/時，每日每次最高30元,0,,綠川東街,每日08:00~18:00,建國路~民權路,中區,743
M,10元/時，每日每次最高30元,0,,民族路,每日08:00~18:00,建國路~綠川西街,中區,744
M,10元/時，每日每次最高30元,0,,中山路,每日08:00~18:00,建國路~綠川西街,中區,745
M,10元/時，每日每次最高30元,0,,成功路,每日08:00~18:00,建國路~綠川西街,中區,746
M,10元/時，每日每次最高30元,0,,火車站前人行道公共設施帶,每日08:00~18:00,建國路近中山路兩側~,中區,747
M,每日每次20元,0,,自由路,每日08:00~18:00,雙十路~民權路,北、中區,748
M,每日每次20元,0,,繼光街人行道,每日08:00~18:00,公園路~光復路,中區,749
M,每日每次20元,0,,民權路,每日08:00~18:00,綠川西街~自由路,中、西區,750
M,每日每次20元,0,,民族路,每日08:00~18:00,綠川西街~自由路,中區,751
M,每日每次20元,0,,中山路,每日08:00~18:00,綠川西街~自由路,中區,752
M,每日每次20元,0,,臺灣大道,每日08:00~18:00,綠川西街~自由路,中區,753
M,每日每次20元,0,,成功路,每日08:00~18:00,綠川西街~自由路,中區,754
M,每日每次20元,0,,光復路,每日08:00~18:00,綠川西街~自由路,中區,755
M,每日每次20元,0,,市政北六路,每日08:00~20:00,惠來路~朝富路,西屯區,756
M,每日每次20元,0,,朝富路,每日08:00~20:00,臺灣大道~市政北六路,西屯區,757
M,每日每次20元,0,,朝富一街,每日08:00~20:00,臺灣大道~朝馬三街,西屯區,758
M,每日每次20元,0,,朝富二街,每日08:00~20:00,臺灣大道~朝馬三街,西屯區,759
M,每日每次20元,0,,朝馬三街,每日08:00~20:00,朝富路~朝貴路,西屯區,760
M,每日每次20元,0,,朝馬路,每日08:00~20:00,朝富路~黎明路,西屯區,761
M,每日每次20元,0,,臺灣大道人行道,每日08:00~20:00,惠中路~惠來路,西屯區,762
M,每日每次20元,0,,市政北七路,每日08:00~20:00,惠中路~河南路,西屯區,763
M,每日每次20元,0,,惠安平面停車場臨惠來路、市政北六路、市政北七路人行道機車停車區,每日08:00~20:00,,西屯區,764
M,每日每次20元,0,,惠政街,每日08:00~20:00,市政北一路~市政路,西屯區,765
M,每日每次20元,0,,惠文路,每日08:00~20:00,市政北一路~市政路,西屯區,766
M,每日每次20元,0,,市政北一路,每日08:00~20:00,惠文路~惠中路,西屯區,767
M,每日每次20元,0,,逢甲路,每日12:00~20:00,文華路~西屯路,西屯區,768
M,每日每次20元,0,,福星路,每日12:00~20:00,河南路~福星北路,西屯區,769
M,每日每次20元,0,,至善路,每日12:00~20:00,逢甲路~西屯路,西屯區,770
M,每日每次20元,0,,南京東路,週一至週六08:00~18:00,北屯路240巷~天祥街,北屯區,771
M,每日每次20元,0,,東光路,週一至週六08:00~18:00,東光路892巷~天祥街,北屯區,772
M,每日每次20元,0,,東光路人行道,週一至週六08:00~18:00,東光路892巷~天祥街,北屯區,773
M,每日每次20元,0,,太原路人行道,週一至週六08:00~18:00,旱溪西路~東光路,北屯區,774
M,每日每次20元,0,,南京東路,週一至週六08:00~18:00,北屯路~僑校街,北屯區,775
M,每日每次20元,0,,公益路,每日08:00~20:00,東興路~文心路,南屯區,776
M,每日每次20元,0,,公益路人行道,每日08:00~20:00,東興路~文心路,南屯區,777
M,每日每次20元,0,,大墩十一街,每日08:00~20:00,大墩路~文心路,南屯區,778
M,每日每次20元,0,,大墩十二街,每日08:00~20:00,大墩路~文心路,南屯區,779
M,每日每次20元,0,,大英街,每日08:00~20:00,公益路~大墩十一街,南屯區,780
M,每日每次20元,0,,大墩路,每日08:00~20:00,公益路~大墩十一街,南屯區,781
M,每日每次20元,0,,大聖街,每日08:00~20:00,公益路~大墩十一街,南屯區,782
M,每日每次20元,0,,大進街,每日08:00~20:00,公益路~大墩十一街,南屯區,783
M,每日每次20元,0,,建功路,每日09:00~17:00,嶺東南路~春安二街,南屯區,784
M,每日每次20元,0,,春安路,每日09:00~17:00,春安路29號旁~建功路,南屯區,785
M,每日每次20元,0,,春安二街,每日09:00~17:00,嶺東南路~建功路,南屯區,786
M,每日每次20元,0,,春安三街,每日09:00~17:00,嶺東南路~春安二街,南屯區,787
M,每日每次20元,0,,嶺東南路,每日09:00~17:00,忠勇路19巷~建功路,南屯區,788
M,每日每次20元,0,,春安停車場周邊人行道機車停車區,每日09:00~17:00,,南屯區,789
M,每日每次20元,0,本收費區尚包含豐原區社會住宅預定地臨時停車場機車格,豐原區社會住宅預定地臨時停車場人行道機車收費區,週一至週六08:00~18:00,,豐原區,790
M,每日每次20元,0,,明仁街,週一至週六08:00~18:00,豐勢路~東仁街,豐原區,791
M,每日每次20元,0,,高鐵一路,週一至週六08:00~18:00,站區二路~高鐵路,烏日區,792
M,每日每次20元,0,,高鐵東路旁站區一路高架橋下空間,週一至週六08:00~18:00,新高鐵段64地號~,烏日區,793
M,每日每次20元,0,,站區一路人行道機車停車區,週一至週六08:00~18:00,高鐵東路~站區一路,烏日區,794
M,每日每次20元,0,110年4月1日起收費,高鐵東一路,週一至週六08:00~18:00,高鐵東路~高鐵六路,烏日區,795
M,10元/時，停車30分鐘內離場不收費,0,,路邊機車計時收費區,每日08:00~20:00,西屯區市政北二路282號前~,西屯區,796
M,10元/時，停車30分鐘內離場不收費,0,,路邊機車計時收費區,週一至週六08:00~18:00,南區忠明南路758號對面-綠園道側,南區,797
M,10元/時，停車30分鐘內離場不收費,0,,路邊機車計時收費區,每日08:00~18:00,中區三民路2段91號前~,中區,798
C,10元/三十分鐘，大型車加倍，大客車第1小時免費,0,PDA開單，本場大型車格限停大客車。,精武廣場停車場,每日08:00~20:00,,東區,799
C,10元/三十分鐘，大型車加倍,0,PDA開單,立德平面停車場,週一至週六08:00~18:00,,東區,800
C,10元/三十分鐘，大型車加倍,0,柵欄機管控,府後街地下停車場,每日00:00~24:00,,西區,801
C,15元/三十分鐘，大型車加倍,0,柵欄機管控,忠明公園地下停車場,每日00:00~24:00,,西區,802
C,累進費率，以三十分鐘計費，大型車加倍，停車30分鐘內離場不收費（每日限一次）,0,PDA開單,交通局大樓附屬平面停車場,機關上班日08:00~18:00,,西區,803
C,10元/三十分鐘，大型車加倍,0,PDA開單,永興停車場,每日08:00~20:00,,北區,804
M,每日每次20元,0,PDA開單,東欣-停167機車停車場,每日08:00~18:00,,北區,805
C,10元/三十分鐘，大型車加倍,0,PDA開單,福音停車場,每日08:00~20:00,,北區,806
C,10元/三十分鐘，大型車加倍,0,PDA開單，本場大型車格限停大貨車。,中華停車場,每日08:00~20:00,,北區,807
C,10元/三十分鐘，大型車加倍,0,PDA開單,大湖停車場,每日08:00~20:00,,北區,808
C,10元/三十分鐘，大型車加倍,0,PDA開單,光大停車場,每日08:00~20:00,,北區,809
C,10元/三十分鐘，大型車加倍,0,柵欄機管控,大誠立體停車場,每日00:00~24:00,,中區,810
C,10元/三十分鐘，大型車加倍,0,PDA開單,自由一期立體停車場,每日08:00~20:00,,中區,811
C,10元/三十分鐘，大型車加倍,0,柵欄機管控,臺灣大道市政大樓附屬地下停車場-汽車,每日07:00~22:00,,西屯區,812
M,每日每次20元，停車30分鐘內離場不收費（每日限一次）,0,PDA開單,30-臺灣大道市政大樓附屬地下停車場-機車,機關上班日07:00~18:00,,西屯區,813
M,每日每次20元,0,PDA開單,0-臺灣大道市政大樓附屬地下停車場-機車,機關上班日18:00~22:00,,西屯區,814
A,汽車：10元/三十分鐘，大型車加倍；機車：每日每次20元,0,柵欄機管控,市政公園停車場,每日00:00~24:00,,西屯區,815
C,15元/三十分鐘，大型車加倍,0,PDA開單,惠新停車場-汽車,每日08:00~20:00,,西屯區,816
M,每日每次20元,0,PDA開單,惠新停車場-機車,每日08:00~20:00,,西屯區,817
C,15元/三十分鐘，大型車加倍,0,PDA開單,惠安停車場 ,每日08:00~20:00,,西屯區,818
C,10元/三十分鐘，大型車加倍,0,PDA開單,文修停車場,每日12:00~20:00,,西屯區,819
M,每日每次20元,0,PDA開單,潮洋臨時平面停車場,每日12:00~20:00,,西屯區,820
C,累進費率，以三十分鐘計費，大型車加倍，停車30分鐘內離場不收費（每日限一次）,0,PDA開單,累進-臺灣大道市政大樓附屬平面停車場-汽車,機關上班日08:00~18:00,,西屯區,821
C,10元/三十分鐘，大型車加倍,0,PDA開單,一般-臺灣大道市政大樓附屬平面停車場-汽車,機關上班日18:00~20:00,,西屯區,822
C,,0,PDA開單,一般-臺灣大道市政大樓附屬平面停車場-汽車,假日08:00~20:00,,西屯區,823
M,每日每次20元，停車30分鐘內離場不收費（每日限一次）,0,PDA開單,0-臺灣大道市政大樓附屬平面停車場-機車,機關上班日08:00~18:00,,西屯區,824
M,每日每次20元,0,PDA開單,秋紅谷平面停車場-汽車,機關上班日18:00~20:00,,西屯區,825
C,10元/三十分鐘，大型車加倍,0,PDA開單,秋紅谷平面停車場-機車,每日08:00~20:00,,西屯區,826
M,每日每次10元,0,PDA開單,中央公園南側（河南路）停車場,每日08:00~20:00,,西屯區,827
C,10元/三十分鐘，大型車加倍,0,PDA開單,文心森林公園附屬機車停車場,每日08:00~20:00,,西屯區,828
C,10元/三十分鐘，大型車加倍,0,柵欄機管控,南屯國小地下停車場,每日00:00~24:00,,南屯區,829
M,每日每次20元,0,PDA開單,廣兼停158停車場,每日08:00~20:00,,南屯區,830
C,10元/三十分鐘，大型車加倍,0,PDA開單,南屯親子館附屬平面停車場,週一至週六08:00~18:00,,南屯區,831
C,10元/三十分鐘，大型車加倍,0,PDA開單,廣兼停23平面停車場,週一至週六08:00~18:00,,南屯區,832
C,10元/三十分鐘，大型車加倍,0,PDA開單，已命名為：仁和公園附設停車場,大雅永興停車場,每日08:00~20:00,,北屯區,833
C,10元/三十分鐘，大型車加倍,0,PDA開單,歡喜停車場,每日08:00~18:00,,大雅區,834
C,10元/三十分鐘，大型車加倍,0,PDA開單,陽明大樓地下停車場-汽車,每日08:00~18:00,,大雅區,835
C,10元/三十分鐘，大型車加倍,0,柵欄機管控,陽明大樓地下停車場-機車,機關上班日08:00~18:00,,豐原區,836
M,每日每次20元,0,PDA開單,陽明大樓後側平面停車場,機關上班日08:00~18:00,,豐原區,837
C,累進費率，以三十分鐘計費，大型車加倍，停車30分鐘內離場不收費（每日限一次）,0,PDA開單,陽明大樓第二平面停車場,機關上班日08:00~18:00,,豐原區,838
C,10元/三十分鐘，大型車加倍,0,PDA開單,豐原區社會住宅預定地臨時停車場,機關上班日08:00~18:00,,豐原區,839
